-- MySQL dump 10.13  Distrib 8.0.36, for Linux (x86_64)
--
-- Host: localhost    Database: SYGENES1
-- ------------------------------------------------------
-- Server version	8.0.36-0ubuntu0.20.04.1

/*!40101 SET @OLD_CHARACTER_SET_CLIENT=@@CHARACTER_SET_CLIENT */;
/*!40101 SET @OLD_CHARACTER_SET_RESULTS=@@CHARACTER_SET_RESULTS */;
/*!40101 SET @OLD_COLLATION_CONNECTION=@@COLLATION_CONNECTION */;
/*!50503 SET NAMES utf8mb4 */;
/*!40103 SET @OLD_TIME_ZONE=@@TIME_ZONE */;
/*!40103 SET TIME_ZONE='+00:00' */;
/*!40014 SET @OLD_UNIQUE_CHECKS=@@UNIQUE_CHECKS, UNIQUE_CHECKS=0 */;
/*!40014 SET @OLD_FOREIGN_KEY_CHECKS=@@FOREIGN_KEY_CHECKS, FOREIGN_KEY_CHECKS=0 */;
/*!40101 SET @OLD_SQL_MODE=@@SQL_MODE, SQL_MODE='NO_AUTO_VALUE_ON_ZERO' */;
/*!40111 SET @OLD_SQL_NOTES=@@SQL_NOTES, SQL_NOTES=0 */;

--
-- Table structure for table `anonymat`
--

DROP TABLE IF EXISTS `anonymat`;
/*!40101 SET @saved_cs_client     = @@character_set_client */;
/*!50503 SET character_set_client = utf8mb4 */;
CREATE TABLE `anonymat` (
  `id` int NOT NULL AUTO_INCREMENT,
  `student_id` int DEFAULT NULL,
  `e_c_id` int DEFAULT NULL,
  `anonymat` varchar(255) COLLATE utf8mb4_unicode_ci DEFAULT NULL,
  PRIMARY KEY (`id`),
  UNIQUE KEY `UNIQ_FC64F1CB944F1A` (`student_id`),
  KEY `IDX_FC64F1E32B239F` (`e_c_id`),
  CONSTRAINT `FK_FC64F1CB944F1A` FOREIGN KEY (`student_id`) REFERENCES `student` (`id`),
  CONSTRAINT `FK_FC64F1E32B239F` FOREIGN KEY (`e_c_id`) REFERENCES `ec` (`id`)
) ENGINE=InnoDB AUTO_INCREMENT=46 DEFAULT CHARSET=utf8mb4 COLLATE=utf8mb4_unicode_ci;
/*!40101 SET character_set_client = @saved_cs_client */;

--
-- Dumping data for table `anonymat`
--

LOCK TABLES `anonymat` WRITE;
/*!40000 ALTER TABLE `anonymat` DISABLE KEYS */;
INSERT INTO `anonymat` VALUES (1,628,1,'0012'),(2,629,1,'0013'),(3,630,1,'0015'),(4,631,1,'0016'),(5,632,1,'0017'),(6,633,1,'0018'),(7,634,1,'0019'),(8,635,1,'0020'),(9,636,1,'0021'),(10,637,1,'0022'),(11,638,1,'0023'),(12,639,1,'0024'),(13,640,1,'0025'),(14,641,1,'0026'),(15,642,1,'0027'),(16,643,1,'0028'),(17,644,1,'0029'),(18,645,1,'0030'),(19,646,1,'0031'),(20,647,1,'0032'),(21,648,1,'0033'),(22,649,1,'0034'),(23,650,1,'0035'),(24,651,1,'0036'),(25,652,1,'0037'),(26,653,1,'0038'),(27,654,1,'0039'),(28,655,1,'0040'),(29,656,1,'0041'),(30,657,1,'0042'),(31,658,1,'0043'),(32,659,1,'0044'),(33,660,1,'0045'),(34,661,1,'0046'),(35,662,1,'0047'),(36,663,1,'0048'),(37,664,1,'0049'),(38,665,1,'0050'),(39,666,1,'0051'),(40,667,1,'0052'),(41,668,1,'0053'),(42,669,1,'0054'),(43,670,1,'0055'),(44,671,1,'0056'),(45,672,1,'0057');
/*!40000 ALTER TABLE `anonymat` ENABLE KEYS */;
UNLOCK TABLES;

--
-- Table structure for table `anonymat_rattrapage`
--

DROP TABLE IF EXISTS `anonymat_rattrapage`;
/*!40101 SET @saved_cs_client     = @@character_set_client */;
/*!50503 SET character_set_client = utf8mb4 */;
CREATE TABLE `anonymat_rattrapage` (
  `id` int NOT NULL AUTO_INCREMENT,
  `student_id` int DEFAULT NULL,
  `e_c_id` int DEFAULT NULL,
  `code_anonymat` varchar(255) COLLATE utf8mb4_unicode_ci DEFAULT NULL,
  PRIMARY KEY (`id`),
  UNIQUE KEY `UNIQ_3E2D843DCB944F1A` (`student_id`),
  KEY `IDX_3E2D843DE32B239F` (`e_c_id`),
  CONSTRAINT `FK_3E2D843DCB944F1A` FOREIGN KEY (`student_id`) REFERENCES `student` (`id`),
  CONSTRAINT `FK_3E2D843DE32B239F` FOREIGN KEY (`e_c_id`) REFERENCES `ec` (`id`)
) ENGINE=InnoDB DEFAULT CHARSET=utf8mb4 COLLATE=utf8mb4_unicode_ci;
/*!40101 SET character_set_client = @saved_cs_client */;

--
-- Dumping data for table `anonymat_rattrapage`
--

LOCK TABLES `anonymat_rattrapage` WRITE;
/*!40000 ALTER TABLE `anonymat_rattrapage` DISABLE KEYS */;
/*!40000 ALTER TABLE `anonymat_rattrapage` ENABLE KEYS */;
UNLOCK TABLES;

--
-- Table structure for table `color_scheme`
--

DROP TABLE IF EXISTS `color_scheme`;
/*!40101 SET @saved_cs_client     = @@character_set_client */;
/*!50503 SET character_set_client = utf8mb4 */;
CREATE TABLE `color_scheme` (
  `id` int NOT NULL AUTO_INCREMENT,
  `school_id` int DEFAULT NULL,
  `primary_color` varchar(255) COLLATE utf8mb4_unicode_ci DEFAULT NULL,
  `secondary_color` varchar(255) COLLATE utf8mb4_unicode_ci DEFAULT NULL,
  `accent_color` varchar(255) COLLATE utf8mb4_unicode_ci DEFAULT NULL,
  `bacground_color` varchar(255) COLLATE utf8mb4_unicode_ci DEFAULT NULL,
  `text_color` varchar(255) COLLATE utf8mb4_unicode_ci DEFAULT NULL,
  `name` varchar(255) COLLATE utf8mb4_unicode_ci DEFAULT NULL,
  PRIMARY KEY (`id`),
  KEY `IDX_9AFD9BB9C32A47EE` (`school_id`),
  CONSTRAINT `FK_9AFD9BB9C32A47EE` FOREIGN KEY (`school_id`) REFERENCES `school` (`id`)
) ENGINE=InnoDB DEFAULT CHARSET=utf8mb4 COLLATE=utf8mb4_unicode_ci;
/*!40101 SET character_set_client = @saved_cs_client */;

--
-- Dumping data for table `color_scheme`
--

LOCK TABLES `color_scheme` WRITE;
/*!40000 ALTER TABLE `color_scheme` DISABLE KEYS */;
/*!40000 ALTER TABLE `color_scheme` ENABLE KEYS */;
UNLOCK TABLES;

--
-- Table structure for table `ec`
--

DROP TABLE IF EXISTS `ec`;
/*!40101 SET @saved_cs_client     = @@character_set_client */;
/*!50503 SET character_set_client = utf8mb4 */;
CREATE TABLE `ec` (
  `id` int NOT NULL AUTO_INCREMENT,
  `ue_id` int DEFAULT NULL,
  `teacher_id` int DEFAULT NULL,
  `code_ec` varchar(255) COLLATE utf8mb4_unicode_ci DEFAULT NULL,
  `name` varchar(255) COLLATE utf8mb4_unicode_ci DEFAULT NULL,
  `description` varchar(255) COLLATE utf8mb4_unicode_ci DEFAULT NULL,
  `credit` varchar(255) COLLATE utf8mb4_unicode_ci DEFAULT NULL,
  `has_tp` tinyint(1) NOT NULL,
  PRIMARY KEY (`id`),
  KEY `IDX_8DE8BDFF62E883B1` (`ue_id`),
  KEY `IDX_8DE8BDFF41807E1D` (`teacher_id`),
  CONSTRAINT `FK_8DE8BDFF41807E1D` FOREIGN KEY (`teacher_id`) REFERENCES `teacher` (`id`) ON DELETE SET NULL,
  CONSTRAINT `FK_8DE8BDFF62E883B1` FOREIGN KEY (`ue_id`) REFERENCES `ue` (`id`)
) ENGINE=InnoDB AUTO_INCREMENT=3 DEFAULT CHARSET=utf8mb4 COLLATE=utf8mb4_unicode_ci;
/*!40101 SET character_set_client = @saved_cs_client */;

--
-- Dumping data for table `ec`
--

LOCK TABLES `ec` WRITE;
/*!40000 ALTER TABLE `ec` DISABLE KEYS */;
INSERT INTO `ec` VALUES (1,7,9,'ISN4411','Gamification, psychologie et sociologie du Gamer','asdfghjkl','3',1);
/*!40000 ALTER TABLE `ec` ENABLE KEYS */;
UNLOCK TABLES;

--
-- Table structure for table `ee`
--

DROP TABLE IF EXISTS `ee`;
/*!40101 SET @saved_cs_client     = @@character_set_client */;
/*!50503 SET character_set_client = utf8mb4 */;
CREATE TABLE `ee` (
  `id` int NOT NULL AUTO_INCREMENT,
  `created_by_id` int DEFAULT NULL,
  `anonymat_id` int DEFAULT NULL,
  `mark` double DEFAULT NULL,
  `grade` varchar(255) COLLATE utf8mb4_unicode_ci DEFAULT NULL,
  `created_at` datetime DEFAULT NULL,
  PRIMARY KEY (`id`),
  UNIQUE KEY `UNIQ_648B18CA67DDCC43` (`anonymat_id`),
  KEY `IDX_648B18CAB03A8386` (`created_by_id`),
  CONSTRAINT `FK_648B18CA67DDCC43` FOREIGN KEY (`anonymat_id`) REFERENCES `anonymat` (`id`),
  CONSTRAINT `FK_648B18CAB03A8386` FOREIGN KEY (`created_by_id`) REFERENCES `user` (`id`)
) ENGINE=InnoDB DEFAULT CHARSET=utf8mb4 COLLATE=utf8mb4_unicode_ci;
/*!40101 SET character_set_client = @saved_cs_client */;

--
-- Dumping data for table `ee`
--

LOCK TABLES `ee` WRITE;
/*!40000 ALTER TABLE `ee` DISABLE KEYS */;
/*!40000 ALTER TABLE `ee` ENABLE KEYS */;
UNLOCK TABLES;

--
-- Table structure for table `field`
--

DROP TABLE IF EXISTS `field`;
/*!40101 SET @saved_cs_client     = @@character_set_client */;
/*!50503 SET character_set_client = utf8mb4 */;
CREATE TABLE `field` (
  `id` int NOT NULL AUTO_INCREMENT,
  `school_id` int DEFAULT NULL,
  `code` varchar(255) COLLATE utf8mb4_unicode_ci DEFAULT NULL,
  `name` varchar(255) COLLATE utf8mb4_unicode_ci DEFAULT NULL,
  `description` longtext COLLATE utf8mb4_unicode_ci,
  PRIMARY KEY (`id`),
  KEY `IDX_5BF54558C32A47EE` (`school_id`),
  CONSTRAINT `FK_5BF54558C32A47EE` FOREIGN KEY (`school_id`) REFERENCES `school` (`id`)
) ENGINE=InnoDB AUTO_INCREMENT=150 DEFAULT CHARSET=utf8mb4 COLLATE=utf8mb4_unicode_ci;
/*!40101 SET character_set_client = @saved_cs_client */;

--
-- Dumping data for table `field`
--

LOCK TABLES `field` WRITE;
/*!40000 ALTER TABLE `field` DISABLE KEYS */;
INSERT INTO `field` VALUES (1,1,'CDN','Création et Design Numérique','Création et Design Numérique'),(2,1,'INS','Igenierie Numerique Sociotechnique','Igenierie Numerique Sociotechnique'),(125,1,'ISN','Ingenierie des Systemes Numeriques','sdgsdhjfj');
/*!40000 ALTER TABLE `field` ENABLE KEYS */;
UNLOCK TABLES;

--
-- Table structure for table `level`
--

DROP TABLE IF EXISTS `level`;
/*!40101 SET @saved_cs_client     = @@character_set_client */;
/*!50503 SET character_set_client = utf8mb4 */;
CREATE TABLE `level` (
  `id` int NOT NULL AUTO_INCREMENT,
  `field_id` int DEFAULT NULL,
  `name` varchar(255) COLLATE utf8mb4_unicode_ci DEFAULT NULL,
  PRIMARY KEY (`id`),
  KEY `IDX_9AEACC13443707B0` (`field_id`),
  CONSTRAINT `FK_9AEACC13443707B0` FOREIGN KEY (`field_id`) REFERENCES `field` (`id`)
) ENGINE=InnoDB AUTO_INCREMENT=377 DEFAULT CHARSET=utf8mb4 COLLATE=utf8mb4_unicode_ci;
/*!40101 SET character_set_client = @saved_cs_client */;

--
-- Dumping data for table `level`
--

LOCK TABLES `level` WRITE;
/*!40000 ALTER TABLE `level` DISABLE KEYS */;
INSERT INTO `level` VALUES (7,2,'L1'),(9,1,'L1'),(10,1,'L2'),(11,1,'L3'),(348,2,'L3'),(349,2,'L2'),(350,125,'L1'),(351,125,'L2'),(352,125,'L3'),(354,NULL,NULL),(355,NULL,NULL),(356,NULL,NULL),(357,NULL,NULL),(358,NULL,NULL),(359,NULL,NULL),(360,NULL,NULL),(361,NULL,NULL),(362,NULL,NULL),(363,NULL,NULL),(364,NULL,NULL),(365,NULL,NULL),(366,NULL,NULL),(367,NULL,NULL),(368,NULL,NULL),(369,NULL,NULL),(370,NULL,NULL),(371,NULL,NULL),(372,NULL,NULL),(373,NULL,NULL),(374,NULL,NULL),(375,NULL,NULL),(376,NULL,NULL);
/*!40000 ALTER TABLE `level` ENABLE KEYS */;
UNLOCK TABLES;

--
-- Table structure for table `note`
--

DROP TABLE IF EXISTS `note`;
/*!40101 SET @saved_cs_client     = @@character_set_client */;
/*!50503 SET character_set_client = utf8mb4 */;
CREATE TABLE `note` (
  `id` int NOT NULL AUTO_INCREMENT,
  `createb_by_id` int DEFAULT NULL,
  `student_id` int DEFAULT NULL,
  `ec_id` int DEFAULT NULL,
  `cc` varchar(255) COLLATE utf8mb4_unicode_ci DEFAULT NULL,
  `tp` varchar(255) COLLATE utf8mb4_unicode_ci DEFAULT NULL,
  `sn` varchar(255) COLLATE utf8mb4_unicode_ci DEFAULT NULL,
  `rattrapage` varchar(255) COLLATE utf8mb4_unicode_ci DEFAULT NULL,
  `created_at` varchar(255) COLLATE utf8mb4_unicode_ci DEFAULT NULL,
  `semester` varchar(10) COLLATE utf8mb4_unicode_ci DEFAULT NULL,
  PRIMARY KEY (`id`),
  KEY `IDX_CFBDFA14D3EAB6BC` (`createb_by_id`),
  KEY `IDX_CFBDFA14CB944F1A` (`student_id`),
  KEY `IDX_CFBDFA1427634BEF` (`ec_id`),
  CONSTRAINT `FK_CFBDFA1427634BEF` FOREIGN KEY (`ec_id`) REFERENCES `ec` (`id`),
  CONSTRAINT `FK_CFBDFA14CB944F1A` FOREIGN KEY (`student_id`) REFERENCES `student` (`id`),
  CONSTRAINT `FK_CFBDFA14D3EAB6BC` FOREIGN KEY (`createb_by_id`) REFERENCES `user` (`id`)
) ENGINE=InnoDB DEFAULT CHARSET=utf8mb4 COLLATE=utf8mb4_unicode_ci;
/*!40101 SET character_set_client = @saved_cs_client */;

--
-- Dumping data for table `note`
--

LOCK TABLES `note` WRITE;
/*!40000 ALTER TABLE `note` DISABLE KEYS */;
/*!40000 ALTER TABLE `note` ENABLE KEYS */;
UNLOCK TABLES;

--
-- Table structure for table `note_cc_tp`
--

DROP TABLE IF EXISTS `note_cc_tp`;
/*!40101 SET @saved_cs_client     = @@character_set_client */;
/*!50503 SET character_set_client = utf8mb4 */;
CREATE TABLE `note_cc_tp` (
  `id` int NOT NULL AUTO_INCREMENT,
  `e_c_id` int DEFAULT NULL,
  `createb_by_id` int DEFAULT NULL,
  `student_id` int DEFAULT NULL,
  `cc` double DEFAULT NULL,
  `tp` double DEFAULT NULL,
  `has_tp` tinyint(1) DEFAULT NULL,
  `created_at` datetime DEFAULT NULL,
  PRIMARY KEY (`id`),
  KEY `IDX_2885A5F9E32B239F` (`e_c_id`),
  KEY `IDX_2885A5F9D3EAB6BC` (`createb_by_id`),
  KEY `IDX_2885A5F9CB944F1A` (`student_id`),
  CONSTRAINT `FK_2885A5F9CB944F1A` FOREIGN KEY (`student_id`) REFERENCES `student` (`id`),
  CONSTRAINT `FK_2885A5F9D3EAB6BC` FOREIGN KEY (`createb_by_id`) REFERENCES `user` (`id`),
  CONSTRAINT `FK_2885A5F9E32B239F` FOREIGN KEY (`e_c_id`) REFERENCES `ec` (`id`)
) ENGINE=InnoDB DEFAULT CHARSET=utf8mb4 COLLATE=utf8mb4_unicode_ci;
/*!40101 SET character_set_client = @saved_cs_client */;

--
-- Dumping data for table `note_cc_tp`
--

LOCK TABLES `note_cc_tp` WRITE;
/*!40000 ALTER TABLE `note_cc_tp` DISABLE KEYS */;
/*!40000 ALTER TABLE `note_cc_tp` ENABLE KEYS */;
UNLOCK TABLES;

--
-- Table structure for table `privilege`
--

DROP TABLE IF EXISTS `privilege`;
/*!40101 SET @saved_cs_client     = @@character_set_client */;
/*!50503 SET character_set_client = utf8mb4 */;
CREATE TABLE `privilege` (
  `id` int NOT NULL AUTO_INCREMENT,
  `name` varchar(255) COLLATE utf8mb4_unicode_ci DEFAULT NULL,
  PRIMARY KEY (`id`)
) ENGINE=InnoDB DEFAULT CHARSET=utf8mb4 COLLATE=utf8mb4_unicode_ci;
/*!40101 SET character_set_client = @saved_cs_client */;

--
-- Dumping data for table `privilege`
--

LOCK TABLES `privilege` WRITE;
/*!40000 ALTER TABLE `privilege` DISABLE KEYS */;
/*!40000 ALTER TABLE `privilege` ENABLE KEYS */;
UNLOCK TABLES;

--
-- Table structure for table `rattrapage`
--

DROP TABLE IF EXISTS `rattrapage`;
/*!40101 SET @saved_cs_client     = @@character_set_client */;
/*!50503 SET character_set_client = utf8mb4 */;
CREATE TABLE `rattrapage` (
  `id` int NOT NULL AUTO_INCREMENT,
  `created_by_id` int DEFAULT NULL,
  `anonymat_rattrapage_id` int DEFAULT NULL,
  `mark` double DEFAULT NULL,
  `grade` varchar(255) COLLATE utf8mb4_unicode_ci DEFAULT NULL,
  `created_at` datetime DEFAULT NULL,
  PRIMARY KEY (`id`),
  UNIQUE KEY `UNIQ_BDE5586D50C2B2F7` (`anonymat_rattrapage_id`),
  KEY `IDX_BDE5586DB03A8386` (`created_by_id`),
  CONSTRAINT `FK_BDE5586D50C2B2F7` FOREIGN KEY (`anonymat_rattrapage_id`) REFERENCES `anonymat_rattrapage` (`id`),
  CONSTRAINT `FK_BDE5586DB03A8386` FOREIGN KEY (`created_by_id`) REFERENCES `user` (`id`)
) ENGINE=InnoDB DEFAULT CHARSET=utf8mb4 COLLATE=utf8mb4_unicode_ci;
/*!40101 SET character_set_client = @saved_cs_client */;

--
-- Dumping data for table `rattrapage`
--

LOCK TABLES `rattrapage` WRITE;
/*!40000 ALTER TABLE `rattrapage` DISABLE KEYS */;
/*!40000 ALTER TABLE `rattrapage` ENABLE KEYS */;
UNLOCK TABLES;

--
-- Table structure for table `resp_field`
--

DROP TABLE IF EXISTS `resp_field`;
/*!40101 SET @saved_cs_client     = @@character_set_client */;
/*!50503 SET character_set_client = utf8mb4 */;
CREATE TABLE `resp_field` (
  `id` int NOT NULL AUTO_INCREMENT,
  `field_id` int DEFAULT NULL,
  `created_by_id` int DEFAULT NULL,
  `name` varchar(255) COLLATE utf8mb4_unicode_ci DEFAULT NULL,
  `cni` varchar(255) COLLATE utf8mb4_unicode_ci DEFAULT NULL,
  `phone_number` varchar(255) COLLATE utf8mb4_unicode_ci DEFAULT NULL,
  `email` varchar(255) COLLATE utf8mb4_unicode_ci DEFAULT NULL,
  `created_at` datetime DEFAULT NULL,
  PRIMARY KEY (`id`),
  UNIQUE KEY `UNIQ_A97AB707443707B0` (`field_id`),
  KEY `IDX_A97AB707B03A8386` (`created_by_id`),
  CONSTRAINT `FK_A97AB707443707B0` FOREIGN KEY (`field_id`) REFERENCES `field` (`id`),
  CONSTRAINT `FK_A97AB707B03A8386` FOREIGN KEY (`created_by_id`) REFERENCES `user` (`id`)
) ENGINE=InnoDB AUTO_INCREMENT=8 DEFAULT CHARSET=utf8mb4 COLLATE=utf8mb4_unicode_ci;
/*!40101 SET character_set_client = @saved_cs_client */;

--
-- Dumping data for table `resp_field`
--

LOCK TABLES `resp_field` WRITE;
/*!40000 ALTER TABLE `resp_field` DISABLE KEYS */;
INSERT INTO `resp_field` VALUES (3,1,3,'Amougou Ngoumou','100258963','697379517','amougou@gmail.com','2024-07-16 10:22:32'),(6,125,3,'bile emane','100235689','676469014','tapiba@gmail.com','2024-07-22 14:46:36'),(7,2,3,'Emane Bile Félicien Davy','100258963','697379517','zanga@gmail.com','2024-07-22 14:47:12');
/*!40000 ALTER TABLE `resp_field` ENABLE KEYS */;
UNLOCK TABLES;

--
-- Table structure for table `resp_level`
--

DROP TABLE IF EXISTS `resp_level`;
/*!40101 SET @saved_cs_client     = @@character_set_client */;
/*!50503 SET character_set_client = utf8mb4 */;
CREATE TABLE `resp_level` (
  `id` int NOT NULL AUTO_INCREMENT,
  `created_by_id` int DEFAULT NULL,
  `level_id` int DEFAULT NULL,
  `name` varchar(255) COLLATE utf8mb4_unicode_ci DEFAULT NULL,
  `cni` varchar(255) COLLATE utf8mb4_unicode_ci DEFAULT NULL,
  `phone_number` varchar(255) COLLATE utf8mb4_unicode_ci DEFAULT NULL,
  `email` varchar(255) COLLATE utf8mb4_unicode_ci DEFAULT NULL,
  `created_at` datetime DEFAULT NULL,
  PRIMARY KEY (`id`),
  UNIQUE KEY `UNIQ_68653E4C5FB14BA7` (`level_id`),
  KEY `IDX_68653E4CB03A8386` (`created_by_id`),
  CONSTRAINT `FK_68653E4C5FB14BA7` FOREIGN KEY (`level_id`) REFERENCES `level` (`id`),
  CONSTRAINT `FK_68653E4CB03A8386` FOREIGN KEY (`created_by_id`) REFERENCES `user` (`id`)
) ENGINE=InnoDB AUTO_INCREMENT=7 DEFAULT CHARSET=utf8mb4 COLLATE=utf8mb4_unicode_ci;
/*!40101 SET character_set_client = @saved_cs_client */;

--
-- Dumping data for table `resp_level`
--

LOCK TABLES `resp_level` WRITE;
/*!40000 ALTER TABLE `resp_level` DISABLE KEYS */;
INSERT INTO `resp_level` VALUES (1,3,1,'Eloundou Telesphore','100258963','697379517','mendo@gmail.com','2024-07-16 12:31:06'),(2,7,NULL,'Emane bile félicien davy','100258963','676469014','desire@gmail.com','2024-07-16 15:45:44'),(4,7,7,'Tapiba Brandon','100258963','697379517','tapiba@gmail.com','2024-07-20 15:21:37'),(6,7,11,'Bile Brandon','100258963','697379517','tapiba@gmail.com','2024-07-22 12:38:24');
/*!40000 ALTER TABLE `resp_level` ENABLE KEYS */;
UNLOCK TABLES;

--
-- Table structure for table `resp_school`
--

DROP TABLE IF EXISTS `resp_school`;
/*!40101 SET @saved_cs_client     = @@character_set_client */;
/*!50503 SET character_set_client = utf8mb4 */;
CREATE TABLE `resp_school` (
  `id` int NOT NULL AUTO_INCREMENT,
  `school_id` int DEFAULT NULL,
  `created_by_id` int DEFAULT NULL,
  `name` varchar(255) COLLATE utf8mb4_unicode_ci DEFAULT NULL,
  `cni` varchar(255) COLLATE utf8mb4_unicode_ci DEFAULT NULL,
  `phone_number` varchar(255) COLLATE utf8mb4_unicode_ci DEFAULT NULL,
  `email` varchar(255) COLLATE utf8mb4_unicode_ci DEFAULT NULL,
  `created_at` datetime DEFAULT NULL,
  PRIMARY KEY (`id`),
  UNIQUE KEY `UNIQ_2B8192CC32A47EE` (`school_id`),
  KEY `IDX_2B8192CB03A8386` (`created_by_id`),
  CONSTRAINT `FK_2B8192CB03A8386` FOREIGN KEY (`created_by_id`) REFERENCES `user` (`id`),
  CONSTRAINT `FK_2B8192CC32A47EE` FOREIGN KEY (`school_id`) REFERENCES `school` (`id`)
) ENGINE=InnoDB AUTO_INCREMENT=4 DEFAULT CHARSET=utf8mb4 COLLATE=utf8mb4_unicode_ci;
/*!40101 SET character_set_client = @saved_cs_client */;

--
-- Dumping data for table `resp_school`
--

LOCK TABLES `resp_school` WRITE;
/*!40000 ALTER TABLE `resp_school` DISABLE KEYS */;
INSERT INTO `resp_school` VALUES (3,1,2,'Emane Bile Félicien Davy','1002356889','697379517','davyemane2@gmail.com','2024-07-12 14:29:48');
/*!40000 ALTER TABLE `resp_school` ENABLE KEYS */;
UNLOCK TABLES;

--
-- Table structure for table `resp_ue`
--

DROP TABLE IF EXISTS `resp_ue`;
/*!40101 SET @saved_cs_client     = @@character_set_client */;
/*!50503 SET character_set_client = utf8mb4 */;
CREATE TABLE `resp_ue` (
  `id` int NOT NULL AUTO_INCREMENT,
  `ue_id` int DEFAULT NULL,
  `created_by_id` int DEFAULT NULL,
  `name` varchar(255) COLLATE utf8mb4_unicode_ci DEFAULT NULL,
  `cni` varchar(255) COLLATE utf8mb4_unicode_ci DEFAULT NULL,
  `email` varchar(255) COLLATE utf8mb4_unicode_ci DEFAULT NULL,
  `phone_number` varchar(255) COLLATE utf8mb4_unicode_ci DEFAULT NULL,
  `created_at` datetime DEFAULT NULL,
  PRIMARY KEY (`id`),
  UNIQUE KEY `UNIQ_639FCBFF62E883B1` (`ue_id`),
  KEY `IDX_639FCBFFB03A8386` (`created_by_id`),
  CONSTRAINT `FK_639FCBFF62E883B1` FOREIGN KEY (`ue_id`) REFERENCES `ue` (`id`),
  CONSTRAINT `FK_639FCBFFB03A8386` FOREIGN KEY (`created_by_id`) REFERENCES `user` (`id`)
) ENGINE=InnoDB AUTO_INCREMENT=10 DEFAULT CHARSET=utf8mb4 COLLATE=utf8mb4_unicode_ci;
/*!40101 SET character_set_client = @saved_cs_client */;

--
-- Dumping data for table `resp_ue`
--

LOCK TABLES `resp_ue` WRITE;
/*!40000 ALTER TABLE `resp_ue` DISABLE KEYS */;
INSERT INTO `resp_ue` VALUES (9,7,21,'Zanga esdras','100258963','zanga@gmail.com','676469014','2024-07-22 15:45:21');
/*!40000 ALTER TABLE `resp_ue` ENABLE KEYS */;
UNLOCK TABLES;

--
-- Table structure for table `responsable`
--

DROP TABLE IF EXISTS `responsable`;
/*!40101 SET @saved_cs_client     = @@character_set_client */;
/*!50503 SET character_set_client = utf8mb4 */;
CREATE TABLE `responsable` (
  `id` int NOT NULL AUTO_INCREMENT,
  `created_by_id` int DEFAULT NULL,
  `email` varchar(255) COLLATE utf8mb4_unicode_ci DEFAULT NULL,
  `phone_number` varchar(255) COLLATE utf8mb4_unicode_ci DEFAULT NULL,
  `name` varchar(255) COLLATE utf8mb4_unicode_ci DEFAULT NULL,
  `created_at` varchar(50) COLLATE utf8mb4_unicode_ci DEFAULT NULL,
  PRIMARY KEY (`id`),
  KEY `IDX_52520D07B03A8386` (`created_by_id`),
  CONSTRAINT `FK_52520D07B03A8386` FOREIGN KEY (`created_by_id`) REFERENCES `user` (`id`)
) ENGINE=InnoDB DEFAULT CHARSET=utf8mb4 COLLATE=utf8mb4_unicode_ci;
/*!40101 SET character_set_client = @saved_cs_client */;

--
-- Dumping data for table `responsable`
--

LOCK TABLES `responsable` WRITE;
/*!40000 ALTER TABLE `responsable` DISABLE KEYS */;
/*!40000 ALTER TABLE `responsable` ENABLE KEYS */;
UNLOCK TABLES;

--
-- Table structure for table `role`
--

DROP TABLE IF EXISTS `role`;
/*!40101 SET @saved_cs_client     = @@character_set_client */;
/*!50503 SET character_set_client = utf8mb4 */;
CREATE TABLE `role` (
  `id` int NOT NULL AUTO_INCREMENT,
  `school_id` int DEFAULT NULL,
  `role` varchar(255) COLLATE utf8mb4_unicode_ci DEFAULT NULL,
  `name` varchar(255) COLLATE utf8mb4_unicode_ci DEFAULT NULL,
  `created_at` datetime DEFAULT NULL,
  `updated_at` datetime DEFAULT NULL,
  PRIMARY KEY (`id`),
  KEY `IDX_57698A6AC32A47EE` (`school_id`),
  CONSTRAINT `FK_57698A6AC32A47EE` FOREIGN KEY (`school_id`) REFERENCES `school` (`id`)
) ENGINE=InnoDB DEFAULT CHARSET=utf8mb4 COLLATE=utf8mb4_unicode_ci;
/*!40101 SET character_set_client = @saved_cs_client */;

--
-- Dumping data for table `role`
--

LOCK TABLES `role` WRITE;
/*!40000 ALTER TABLE `role` DISABLE KEYS */;
/*!40000 ALTER TABLE `role` ENABLE KEYS */;
UNLOCK TABLES;

--
-- Table structure for table `role_privilege`
--

DROP TABLE IF EXISTS `role_privilege`;
/*!40101 SET @saved_cs_client     = @@character_set_client */;
/*!50503 SET character_set_client = utf8mb4 */;
CREATE TABLE `role_privilege` (
  `role_id` int NOT NULL,
  `privilege_id` int NOT NULL,
  PRIMARY KEY (`role_id`,`privilege_id`),
  KEY `IDX_D6D4495BD60322AC` (`role_id`),
  KEY `IDX_D6D4495B32FB8AEA` (`privilege_id`),
  CONSTRAINT `FK_D6D4495B32FB8AEA` FOREIGN KEY (`privilege_id`) REFERENCES `privilege` (`id`) ON DELETE CASCADE,
  CONSTRAINT `FK_D6D4495BD60322AC` FOREIGN KEY (`role_id`) REFERENCES `role` (`id`) ON DELETE CASCADE
) ENGINE=InnoDB DEFAULT CHARSET=utf8mb4 COLLATE=utf8mb4_unicode_ci;
/*!40101 SET character_set_client = @saved_cs_client */;

--
-- Dumping data for table `role_privilege`
--

LOCK TABLES `role_privilege` WRITE;
/*!40000 ALTER TABLE `role_privilege` DISABLE KEYS */;
/*!40000 ALTER TABLE `role_privilege` ENABLE KEYS */;
UNLOCK TABLES;

--
-- Table structure for table `school`
--

DROP TABLE IF EXISTS `school`;
/*!40101 SET @saved_cs_client     = @@character_set_client */;
/*!50503 SET character_set_client = utf8mb4 */;
CREATE TABLE `school` (
  `id` int NOT NULL AUTO_INCREMENT,
  `name` varchar(255) COLLATE utf8mb4_unicode_ci DEFAULT NULL,
  `logo` varchar(255) COLLATE utf8mb4_unicode_ci DEFAULT NULL,
  `address` varchar(255) COLLATE utf8mb4_unicode_ci DEFAULT NULL,
  `phone_number` varchar(255) COLLATE utf8mb4_unicode_ci DEFAULT NULL,
  `email` varchar(255) COLLATE utf8mb4_unicode_ci DEFAULT NULL,
  PRIMARY KEY (`id`)
) ENGINE=InnoDB AUTO_INCREMENT=9 DEFAULT CHARSET=utf8mb4 COLLATE=utf8mb4_unicode_ci;
/*!40101 SET character_set_client = @saved_cs_client */;

--
-- Dumping data for table `school`
--

LOCK TABLES `school` WRITE;
/*!40000 ALTER TABLE `school` DISABLE KEYS */;
INSERT INTO `school` VALUES (1,'ESIGN','ESIGN-66912fef85530.jpg','Cameroun, sud, Sangmelima','697379517','lm-afrique@gmail.com'),(5,'FASA','FASA-6695043ca7a6e.png','Cameroun, sud, Sangmelima','697379517','lm-afrique@gmail.com'),(6,'FMSB','FMSB-66950455dc8db.png','Cameroun, sud, Sangmelima','697379517','lm-afrique@gmail.com'),(7,'IDES','IDES-6695047038b21.png','Cameroun, sud, Sangmelima','697379517','uieccesign@gmail.com'),(8,'IRIC',NULL,'12, sang, sud, cmr','676469014','lm-afrique@gmail.com');
/*!40000 ALTER TABLE `school` ENABLE KEYS */;
UNLOCK TABLES;

--
-- Table structure for table `student`
--

DROP TABLE IF EXISTS `student`;
/*!40101 SET @saved_cs_client     = @@character_set_client */;
/*!50503 SET character_set_client = utf8mb4 */;
CREATE TABLE `student` (
  `id` int NOT NULL AUTO_INCREMENT,
  `field_id` int DEFAULT NULL,
  `level_id` int DEFAULT NULL,
  `student_id` varchar(255) COLLATE utf8mb4_unicode_ci DEFAULT NULL,
  `name` varchar(255) COLLATE utf8mb4_unicode_ci DEFAULT NULL,
  `email` varchar(255) COLLATE utf8mb4_unicode_ci DEFAULT NULL,
  `phone_number` varchar(255) COLLATE utf8mb4_unicode_ci DEFAULT NULL,
  `date_of_birth` date DEFAULT NULL,
  `place_of_birth` longtext COLLATE utf8mb4_unicode_ci,
  `birth_certificate` varchar(255) COLLATE utf8mb4_unicode_ci DEFAULT NULL,
  `admission_certificate` varchar(255) COLLATE utf8mb4_unicode_ci DEFAULT NULL,
  `sexe` varchar(255) COLLATE utf8mb4_unicode_ci DEFAULT NULL,
  `cni` varchar(255) COLLATE utf8mb4_unicode_ci DEFAULT NULL,
  `country` varchar(255) COLLATE utf8mb4_unicode_ci DEFAULT NULL,
  PRIMARY KEY (`id`),
  KEY `IDX_B723AF33443707B0` (`field_id`),
  KEY `IDX_B723AF335FB14BA7` (`level_id`),
  CONSTRAINT `FK_B723AF33443707B0` FOREIGN KEY (`field_id`) REFERENCES `field` (`id`),
  CONSTRAINT `FK_B723AF335FB14BA7` FOREIGN KEY (`level_id`) REFERENCES `level` (`id`) ON DELETE SET NULL
) ENGINE=InnoDB AUTO_INCREMENT=697 DEFAULT CHARSET=utf8mb4 COLLATE=utf8mb4_unicode_ci;
/*!40101 SET character_set_client = @saved_cs_client */;

--
-- Dumping data for table `student`
--

LOCK TABLES `student` WRITE;
/*!40000 ALTER TABLE `student` DISABLE KEYS */;
INSERT INTO `student` VALUES (337,125,11,NULL,'ABEME AKONO SAMUEL STEPHANE',NULL,'690852451',NULL,'FOULASSI',NULL,NULL,'MASCULIN','100110366','CAMEROUN'),(338,125,11,NULL,'ABOLO EMMANUEL ROMARIC ',NULL,'658386150',NULL,'KONGO-SANGMELIMA ',NULL,NULL,'MASCULIN','100112487','CAMEROUN'),(339,125,11,NULL,'AKONO JORDAN KEVIN DESIRE',NULL,'691548568',NULL,'SANGMELIMA',NULL,NULL,'MASCULIN','1169885165','CAMEROUN'),(340,125,11,NULL,'ALI OUMAR GUINDO',NULL,'698243468',NULL,'YAOUNDE',NULL,NULL,'MASCULIN','250665','CAMEROUN'),(341,125,11,NULL,'ALIMA LOUIS GEORGES RUSSEL',NULL,'696281943',NULL,'ABANG-MINDI',NULL,NULL,'MASCULIN','101358970','CAMEROUN'),(342,125,11,NULL,'ANGO ABONDO LOIC GAETAN',NULL,'695222456',NULL,'MBALMAYO',NULL,NULL,'MASCULIN','100756098','CAMEROUN'),(343,125,11,NULL,'ANGO BRINDA',NULL,'655387746',NULL,'MEYOMESSALA',NULL,NULL,'FEMININ','118406917','CAMEROUN'),(344,125,11,NULL,'ANGONI EDJO YVON-ROSSI',NULL,'657075980',NULL,'AMBAM',NULL,NULL,'MASCULIN','100836691','CAMEROUN'),(345,125,11,NULL,'APEMBET-ALECK VIRGILE YANN',NULL,'653348310',NULL,'BRAZZAVILLE',NULL,NULL,'MASCULIN','OA0371914','CONGO'),(346,125,11,NULL,'ATEBA MEZUI MANUEL BRAYANE',NULL,'699003338',NULL,'NOMAYOS',NULL,NULL,'MASCULIN','100849524','CAMEROUN'),(347,125,11,NULL,'AZEUFACK NDOMO AURELLE',NULL,'697465529',NULL,'CSI DE FONGO-TONGO',NULL,NULL,'FEMININ','101000107','CAMEROUN'),(348,125,11,NULL,'BAKEHE WILLIAM STEVE',NULL,'656704510',NULL,'YAOUNDE',NULL,NULL,'MASCULIN','CE11051I5IT2WI20D9X3','CAMEROUN'),(349,125,11,NULL,'BASSANG\'NA BELIAS ESDRA DONALD',NULL,'694067382',NULL,'BAFIA',NULL,NULL,'MASCULIN','100715266','CAMEROUN'),(350,125,11,NULL,'BEY NICAISE NICKSON',NULL,'653174157',NULL,'DJAMBALA',NULL,NULL,'MASCULIN','OA0209799','CONGO'),(351,125,11,NULL,'BIDIAS AMBASSA MIKE DANIEL',NULL,'695506495',NULL,'YAOUNDE',NULL,NULL,'MASCULIN','100161952','CAMEROUN'),(352,125,11,NULL,'BILOA ABENG ARISTIDE PAULIN ',NULL,'694891138',NULL,'YAOUNDE',NULL,NULL,'MASCULIN','116991072','CAMEROUN'),(353,125,11,NULL,'BISNAMOU ANORSA DONCHRIST JODAS',NULL,'654013872',NULL,'BRAZZAVILLE',NULL,NULL,'MASCULIN','OA0403546','CONGO'),(354,125,11,NULL,'BOPETO GRACE',NULL,'653342116',NULL,'BRAZZAVILLE',NULL,NULL,'FEMININ','OA0373596','CONGO'),(355,125,11,NULL,'BOUMBA GILBERTRON-BRUNET',NULL,'654484542',NULL,'POINTE-NOIRE',NULL,NULL,'MASCULIN','OA0403099','CONGO'),(356,125,11,NULL,'BOUMBOU KIMBATSA VERLY ',NULL,'653343959',NULL,'DOLISIE',NULL,NULL,'MASCULIN','OA0397844','CONGO'),(357,125,11,NULL,'DE BELKO RUBIS URIEL ',NULL,'655468822',NULL,'BRAZZAVILLE',NULL,NULL,'MASCULIN','OA0237425','CONGO'),(358,125,11,NULL,'DIAYIKA BITELO UJYSSI DUGECE',NULL,'656282491',NULL,'POINTE-NOIRE',NULL,NULL,'MASCULIN','OA0401902','CONGO'),(359,125,11,NULL,'DOBGIMA DARRYL WOBA',NULL,'653585007',NULL,'PROVINCIAL HOSPITAL BAMENDA',NULL,NULL,'MASCULIN','100644269','CAMEROUN'),(360,125,11,NULL,'DZANGA ESDRAS NEHEMIE ',NULL,'653216094',NULL,'NKAYI',NULL,NULL,'MASCULIN','OA0403072','CONGO'),(361,125,11,NULL,'DZIENGUE DE MOUCAUT VHAN',NULL,'653343227',NULL,'BRAZZAVILLE',NULL,NULL,'MASCULIN','OA0394476','CONGO'),(362,125,11,NULL,'EBOMB-SIMBA AU-GIRAL-AMED',NULL,'653216004',NULL,'BRAZZAVILLE',NULL,NULL,'MASCULIN','5,1199E+11','CONGO'),(363,125,11,NULL,'EFOUA ZAME RENE ROMUALD',NULL,'656893683',NULL,'ATONG-ESSE',NULL,NULL,'MASCULIN','SU02397I5ITOLTMEJ5X6','CAMEROUN'),(364,125,11,NULL,'EKOH FIFEN EPOH GILLIAM',NULL,'682850637',NULL,'LA MATERNITE DE BANGANGTE',NULL,NULL,'MASCULIN','100562067','CAMEROUN'),(365,125,11,NULL,'ELANGA PHILIPPE LAURAINE',NULL,'699534152',NULL,'YAOUNDE',NULL,NULL,'MASCULIN','371447','CAMEROUN'),(366,125,11,NULL,'ELENGA GOMEZ RUDEN NAGGAI',NULL,'658067802',NULL,'GAMBOMA',NULL,NULL,'MASCULIN','OA0386744','CONGO'),(367,125,11,NULL,'ELLA KRIS DAVID STEEVE',NULL,'693647116',NULL,'YAOUNDE',NULL,NULL,'MASCULIN','100662785','CAMEROUN'),(368,125,11,NULL,'EMANE BILE FELICIEN DAVY ',NULL,'693137615',NULL,'NDJOM-YEKOMBO',NULL,NULL,'MASCULIN','100618557','CAMEROUN'),(369,125,11,NULL,'ENGBWANG NGO\'O ERIC HANS',NULL,'695382052',NULL,'BENGBIS',NULL,NULL,'MASCULIN','116449186','CAMEROUN'),(370,125,11,NULL,'ENGUENE AKONO ANDY DALYL KARYM',NULL,'654817080',NULL,'YAOUNDE',NULL,NULL,'MASCULIN','632605','CAMEROUN'),(371,125,11,NULL,'ENGUENE MBALA MARK WILIAM',NULL,'695686085',NULL,'YAOUNDE',NULL,NULL,'MASCULIN','100037220','CAMEROUN'),(372,125,11,NULL,'EPOI DIDI DANIEL MAELLE',NULL,'652157788',NULL,'BATOURI',NULL,NULL,'MASCULIN','100986503','CAMEROUN'),(373,125,11,NULL,'ESSANGA DAVE MICHEL',NULL,'691681982',NULL,'BRAZZAVILLE',NULL,NULL,'MASCULIN','OA0371953','CONGO'),(374,125,11,NULL,'EYENGA ONDOUA PELZA ARLIE',NULL,'656102008',NULL,'YAOUNDE',NULL,NULL,'FEMININ','CE73241I5ISZ7BF943H0','CAMEROUN'),(375,125,11,NULL,'FEUWO BIBIANG EPHREIM',NULL,'690946161',NULL,'YAOUNDE',NULL,NULL,'MASCULIN','CE70031I5IT09VJACSG2','CAMEROUN'),(376,125,11,NULL,'GAMBOU GODECHA CYBELLE BORNA',NULL,'654339652',NULL,'BRAZZAVILLE',NULL,NULL,'FEMININ','OA0403133','CONGO'),(377,125,11,NULL,'GOMA FALLA LULIC MICHEL',NULL,'653327850',NULL,'POINTE-NOIRE',NULL,NULL,'MASCULIN','OA0405187','CONGO'),(378,125,11,NULL,'HOUADINA TSONI JUVELDY DIANCEL',NULL,'695738098',NULL,'YAYA',NULL,NULL,'MASCULIN','OA0403124','CONGO'),(379,125,11,NULL,'IBOUANGA NZIENGUI ALVIN CHARLEME',NULL,'691614623',NULL,'DOLISIE',NULL,NULL,'MASCULIN','OA0388826','CONGO'),(380,125,11,NULL,'KAGHO GHOGUE ADRIEN ',NULL,'698047545',NULL,'BALEVENG',NULL,NULL,'MASCULIN','494987','CAMEROUN'),(381,125,11,NULL,'KAMGA KAMGUE YVAN RICHENEL ',NULL,'696527034',NULL,'BALENG',NULL,NULL,'MASCULIN','101050756','CAMEROUN'),(382,125,11,NULL,'KHAM-MBONGO BELLAND BEAUDET',NULL,'654025770',NULL,'BRAZZAVILLE',NULL,NULL,'MASCULIN','OA0399947','CONGO'),(383,125,11,NULL,'KIBANDA ANTOINE ELVIS',NULL,'671145766',NULL,'BRAZZAVILLE',NULL,NULL,'MASCULIN','OA0402220','CONGO'),(384,125,11,NULL,'KITSOUKOU NGOUMA PAUL DESTINE',NULL,'695476445',NULL,'MONT BELO',NULL,NULL,'MASCULIN','OA0403058','CONGO'),(385,125,11,NULL,'LAMBOU FOLA RAPHAELLA ROSE',NULL,'651579089',NULL,'PENKA-MICHEL',NULL,NULL,'FEMININ','100707363','CAMEROUN'),(386,125,11,NULL,'LEBONI BAKLA LIONEL',NULL,'678954775',NULL,'MAYO-DARLE',NULL,NULL,'MASCULIN','101035064','CAMEROUN'),(387,125,11,NULL,'LENDIT DIHAMOUGNONGOU TRAIDH BENISSAN',NULL,'653665611',NULL,'KIBANGOU',NULL,NULL,'MASCULIN','OA0400417','CONGO'),(388,125,11,NULL,'LIEUMO NJOPNU MARCELLE ALIDA',NULL,'691471048',NULL,'BANGOUA',NULL,NULL,'FEMININ','100960500','CAMEROUN'),(389,125,11,NULL,'MABIALA BERGIN',NULL,'691432067',NULL,'MAMBA NAYILOU',NULL,NULL,'MASCULIN','OA0400838','CONGO'),(390,125,11,NULL,'MABIALA MAHOUNGOU JOURDAIN LE PRINCE',NULL,'654346362',NULL,'SIBITI',NULL,NULL,'MASCULIN','OA0387371','CONGO'),(391,125,11,NULL,'MADZOU JUSTIN ARTHUR ',NULL,'653215403',NULL,'NKAYI',NULL,NULL,'MASCULIN','OA0392610','CONGO'),(392,125,11,NULL,'MARALO MADI JEAN ',NULL,'695868185',NULL,'YAGOUA',NULL,NULL,'MASCULIN','101349474','CAMEROUN'),(393,125,11,NULL,'MATAKON NGAROUA MODESTE',NULL,'693739871',NULL,'YAOUNDE',NULL,NULL,'MASCULIN','100732458','CAMEROUN'),(394,125,11,NULL,'MAVAIWA DESIRE DESIRE',NULL,'699437103',NULL,'MOKOLO',NULL,NULL,'MASCULIN','100454825','CAMEROUN'),(395,125,11,NULL,'MAVOUNGOU BAYONNE FREDERIC DIEU-MERCI',NULL,'654484524',NULL,'POINTE-NOIRE',NULL,NULL,'MASCULIN','OA0401887','CONGO'),(396,125,11,NULL,'MBEGA MVOGO BASILE WILLIAM YANNIS',NULL,'697248930',NULL,'ENONGAL',NULL,NULL,'MASCULIN','100728720','CAMEROUN'),(397,125,11,NULL,'MBENGUE EBOUGNAKA CHARDELAND JOCLAISSE',NULL,'653353873',NULL,'MOSSAKA',NULL,NULL,'MASCULIN','OA0403737','CONGO'),(398,125,11,NULL,'MEDJO ASSAM PIERRE DANY',NULL,'658400299',NULL,'ENONGAL',NULL,NULL,'MASCULIN','SE02397I5IT2TR5XDF12','CAMEROUN'),(399,125,11,NULL,'MENDO OLAME LEO',NULL,'691607942',NULL,'BENGBIS',NULL,NULL,'MASCULIN','CE54353I5IT2WYX6U3BO','CAMEROUN'),(400,125,11,NULL,'MENYE PEGGUY FLORA',NULL,'655147258',NULL,'YAOUNDE',NULL,NULL,'FEMININ','694316','CAMEROUN'),(401,125,11,NULL,'MESSOA YENE STEPHANE ERWAN',NULL,'691127912',NULL,'YAOUNDE',NULL,NULL,'MASCULIN','100630823','CAMEROUN'),(402,125,11,NULL,'MEZANGA M\'ENGOLO ROMARIC JUNIOR',NULL,'696021911',NULL,'MVOUA',NULL,NULL,'MASCULIN','665494','CAMEROUN'),(403,125,11,NULL,'MIERE NGAMI HERMICHE ANIREL',NULL,'653214782',NULL,'BRAZZAVILLE',NULL,NULL,'MASCULIN','OA0402662','CONGO'),(404,125,11,NULL,'MISSILOU BIANTOUARI RODNEY GODNI',NULL,'676551138',NULL,'POINTE-NOIRE',NULL,NULL,'MASCULIN','OA0403361','CONGO'),(405,125,11,NULL,'MOKOMBA CLAUDE LAUREAT SAGESSE',NULL,'653216132',NULL,'BRAZZAVILLE',NULL,NULL,'MASCULIN','OA0425835','CONGO'),(406,125,11,NULL,'MOMBOULI ELION BERITH BIENVENU',NULL,'650116031',NULL,'BRAZZAVILLE',NULL,NULL,'MASCULIN','OA0403456','CONGO'),(407,125,11,NULL,'MONGOUO ELYSE FLAV-LEGRAND',NULL,'653344059',NULL,'BRAZZAVILLE',NULL,NULL,'MASCULIN','OA0284281','CONGO'),(408,125,11,NULL,'MOUISSOU-LOUNGOUEDI DESTINEE TENDRESS',NULL,'653363389',NULL,'POINTE-NOIRE',NULL,NULL,'FEMININ','OA0402666','CONGO'),(409,125,11,NULL,'MOUKOKO AHOUTA EXAUCE DIEU VEILLE',NULL,'651464222',NULL,'BILALA',NULL,NULL,'FEMININ','OA0396960','CONGO'),(410,125,11,NULL,'MOUKOLAUD NIMI ROLLSY EDVY',NULL,'653642055',NULL,'MOUINDI ',NULL,NULL,'MASCULIN','OA0403010','CONGO'),(411,125,11,NULL,'MOUNZEO CHANTY LIONNEL',NULL,'653327438',NULL,'POINTE NOIRE',NULL,NULL,'MASCULIN','OA0403013','CONGO'),(412,125,11,NULL,'MOUSSAVOU MANFOUMBI ABDON RICARDO',NULL,'653326592',NULL,'BIHONGO',NULL,NULL,'MASCULIN','OA0401990','CONGO'),(413,125,11,NULL,'MOUYARI NTSIBA BREME RIVINA',NULL,'658552660',NULL,'SIBITI',NULL,NULL,'MASCULIN','OA0403547','CONGO'),(414,125,11,NULL,'MVE ENGUENE JOSUE JOEL',NULL,'695257976',NULL,'AYOS',NULL,NULL,'MASCULIN','101261452','CAMEROUN'),(415,125,11,NULL,'NALINGUI JUDICAELE VICTOIRE ARIANE ',NULL,'697689913',NULL,'SANGMELIMA',NULL,NULL,'FEMININ','684362','CAMEROUN'),(416,125,11,NULL,'NCHINDA SONKOUAT JOEL',NULL,'677870525',NULL,'MBOUDA',NULL,NULL,'MASCULIN','100966071','CAMEROUN'),(417,125,11,NULL,'NDINGOSSOKA RAPHAEL DILAN',NULL,'671430247',NULL,'BRAZZAVILLE',NULL,NULL,'MASCULIN','OA0373051','CONGO'),(418,125,11,NULL,'NDJESSE LETERE EMMANUEL ANDY',NULL,'699527389',NULL,'YAOUNDE 1ER',NULL,NULL,'MASCULIN','100504939','CAMEROUN'),(419,125,11,NULL,'NDONG MEDJO DANIEL PHANUEL',NULL,'655484371',NULL,'SANGMELIMA ',NULL,NULL,'MASCULIN','101180262','CAMEROUN'),(420,125,11,NULL,'NDONGA ISEPT DANNIELLE',NULL,'696479727',NULL,'YAOUNDE',NULL,NULL,'FEMININ','100443877','CAMEROUN'),(421,125,11,NULL,'NDOUDI GLAIDE JUD-STANY',NULL,'653353552',NULL,'POINTE-NOIRE',NULL,NULL,'MASCULIN','OA0403141','CONGO'),(422,125,11,NULL,'N\'DOUM MEUKOUBIAT DON-SANCTIFIE',NULL,'653328479',NULL,'POINTE-NOIRE',NULL,NULL,'MASCULIN','OA0403139','CONGO'),(423,125,11,NULL,'NGAMOUE MATONDO PATIENCE JOSCARVY',NULL,'658121929',NULL,'KINGOUE',NULL,NULL,'MASCULIN','OA0312299','CONGO'),(424,125,11,NULL,'NGAZANG ONDOUA JUSTINE FLEUR REINE',NULL,'693340476',NULL,'NANGA-EBOKO',NULL,NULL,'FEMININ','CE05027I5IT4TS7Q0P63','CAMEROUN'),(425,125,11,NULL,'NGOMA OLIVIER GIRESSE LADRY',NULL,'671399403',NULL,'LOUBOTO',NULL,NULL,'MASCULIN','OA0359372','CONGO'),(426,125,11,NULL,'NGOMA SPAAK JOBRIGH',NULL,'671761403',NULL,'SIBITI',NULL,NULL,'MASCULIN','OA0403127','CONGO'),(427,125,11,NULL,'NGOUALA BAKALA GHIRES FRANCK',NULL,'678627724',NULL,'DOLISIE',NULL,NULL,'MASCULIN','OA0403100','CONGO'),(428,125,11,NULL,'NGOUANGA NGUEBANZOLA JURD',NULL,'2428981626',NULL,'DOLISIE',NULL,NULL,'MASCULIN','OA0401984','CONGO'),(429,125,11,NULL,'NISSO KANE RAPHAEL ROSE DEMABIAH',NULL,'696900289',NULL,'YAOUNDE',NULL,NULL,'FEMININ','100713677','CAMEROUN'),(430,125,11,NULL,'NKOLO BOMBA MARC LUDOVIC',NULL,'690280553',NULL,'EKOMBITE',NULL,NULL,'MASCULIN','518396','CAMEROUN'),(431,125,11,NULL,'NKOTO STEVE BRANDON PARFAIT-JUNIOR',NULL,'656929316',NULL,'AMBAM',NULL,NULL,'MASCULIN','100200040','CAMEROUN'),(432,125,11,NULL,'NKOTTO FRANCK DYLAN',NULL,'656380118',NULL,'DOUALA',NULL,NULL,'MASCULIN','101164642','CAMEROUN'),(433,125,11,NULL,'NKOU MAICK DANE',NULL,'654034915',NULL,'BRAZZAVILLE',NULL,NULL,'MASCULIN','OA0400221','CONGO'),(434,125,11,NULL,'NKOUKA HERMAN CHRIJIVEL',NULL,'654034856',NULL,'MANTSOUMBA',NULL,NULL,'MASCULIN','OA0403130','CONGO'),(435,125,11,NULL,'NNA BANGA BRICE JACQUARD',NULL,'656 95 97 05',NULL,'MATERNITE DE MVOMEKA\'A',NULL,NULL,'MASCULIN','101200017','CAMEROUN'),(436,125,11,NULL,'NOUMA LUDOVIC',NULL,'693693868',NULL,'EBOLOWA',NULL,NULL,'MASCULIN','100630220','CAMEROUN'),(437,125,11,NULL,'NOUMBISSI KUITCHE STAEL ERVANE',NULL,'695789896',NULL,'BALENG',NULL,NULL,'MASCULIN','100503685','CAMEROUN'),(438,125,11,NULL,'NOUNGA NJAPOM MARTIAL DIMITRI',NULL,'691790529',NULL,'BAFOUSSAM',NULL,NULL,'MASCULIN','100650736','CAMEROUN'),(439,125,11,NULL,'NZENGUI ALVY GUYCHEL',NULL,'698763726',NULL,'DOLISIE',NULL,NULL,'MASCULIN','OA0397529','CONGO'),(440,125,11,NULL,'OFFOUILLA BEAZAMBE RAHAB PREDESTINEE',NULL,'653215707',NULL,'GAMBOMA',NULL,NULL,'FEMININ','OA0392901','CONGO'),(441,125,11,NULL,'OHOUNGA CHARNELI ',NULL,'654034384',NULL,'OWANDO',NULL,NULL,'MASCULIN','OA0400246','CONGO'),(442,125,11,NULL,'OHOUNGA CHRICHNEL',NULL,'658797842',NULL,'OWANDO',NULL,NULL,'MASCULIN','OA0400322','CONGO'),(443,125,11,NULL,'OMBI MOÏNELH PARDON',NULL,'653640324',NULL,'BRAZZAVILLE',NULL,NULL,'MASCULIN','OA0405363','CONGO'),(444,125,11,NULL,'ONANA MBA MICHEL',NULL,'695930714',NULL,'MFOU',NULL,NULL,'MASCULIN','100486965','CAMEROUN'),(445,125,11,NULL,'OUSMANE MERIGA',NULL,'655515035',NULL,'GAROUA',NULL,NULL,'MASCULIN','100490326','CAMEROUN'),(446,125,11,NULL,'PRINCE MVENG LOUIS DIEUDONNE',NULL,'698050730',NULL,'EBOLOWA',NULL,NULL,'MASCULIN','100091116','CAMEROUN'),(447,125,11,NULL,'SAMARAHA',NULL,'695464478',NULL,'TOKOMBERE',NULL,NULL,'MASCULIN','LT08080I5ISSY73ATXY5','CAMEROUN'),(448,125,11,NULL,'SANDJIO NGUEGNANG PATRICK',NULL,'682289523',NULL,'BANGWA',NULL,NULL,'MASCULIN','101076291','CAMEROUN'),(449,125,11,NULL,'SAS-HOLL VERONIQUE PATIENCE',NULL,'696132506',NULL,'DOUALA',NULL,NULL,'FEMININ','100281279','CAMEROUN'),(450,125,11,NULL,'SENDZI SAMUEL JUDE',NULL,'651475363',NULL,'BRAZZAVILLE',NULL,NULL,'MASCULIN','OA0386182','CONGO'),(451,125,11,NULL,'TAPIBA BRANDON TAPIBA',NULL,'676291190',NULL,'NKWEN BAMENDA',NULL,NULL,'MASCULIN','1003338850','CAMEROUN'),(452,125,11,NULL,'VINDOU LYOD PRELUDE',NULL,'653215929',NULL,'BRAZZAVILLE',NULL,NULL,'MASCULIN','OA0403544','CONGO'),(453,125,11,NULL,'VOUNDI ABESSOLO PAUL YVAN KHERAN',NULL,'691062384',NULL,'YAOUNDE',NULL,NULL,'MASCULIN','7644781','CAMEROUN'),(454,125,11,NULL,'VOUNDI BISSILA ETIENNE DIEUDONNE ROUSSEL',NULL,'695912009',NULL,'EMANA-YAOUNDE I',NULL,NULL,'MASCULIN','101208192','CAMEROUN'),(455,125,11,NULL,'YEPMENI KOUAMEGNE MANUELLA OLIVIA',NULL,'693887032',NULL,'BONABERI-DOUALA',NULL,NULL,'FEMININ','118006006','CAMEROUN'),(456,125,11,NULL,'ZE MINLA\'A MEXIN ROBERTSON ',NULL,'697470146',NULL,'DJOUM',NULL,NULL,'MASCULIN','101208168','CAMEROUN'),(457,125,11,NULL,'ZEH ZE ARNAULD DANIEL',NULL,'656195342',NULL,'EBEZOM',NULL,NULL,'MASCULIN','CE14162I5IT2TQZQPR16','CAMEROUN'),(458,125,11,NULL,'ZO\'ONYABA ASSE JORDAN',NULL,'656693676',NULL,'YAOUNDE ',NULL,NULL,'MASCULIN','118347775','CAMEROUN'),(459,2,11,NULL,'ABEME ATOUBA SAMUEL NOEL',NULL,'694875159',NULL,'KONDEMEYOS',NULL,NULL,'MASCULIN','624417','CAMEROUN'),(460,2,11,NULL,'ABESSOLO ETONG NEIL ARTHUR',NULL,'696004029',NULL,'LA MATERNITE DE METET',NULL,NULL,'MASCULIN','101193266','CAMEROUN'),(461,2,11,NULL,'ABESSOLO JEAN FERRY',NULL,'698602962',NULL,'WOABETE',NULL,NULL,'MASCULIN','100744390','CAMEROUN'),(462,2,11,NULL,'ABOURI DAM CHRICE',NULL,'657421021',NULL,'OWANDO',NULL,NULL,'MASCULIN','OA0402665','CONGO'),(463,2,11,NULL,'AFANE OYONO RANDY STEPHANE',NULL,'655519271',NULL,'SANGMELIMA',NULL,NULL,'MASCULIN','101073317','CAMEROUN'),(464,2,11,NULL,'AISSATOU ATINE',NULL,'695067113',NULL,'YAOUNDE',NULL,NULL,'FEMININ','100367673','CAMEROUN'),(465,2,11,NULL,'AMANI HAMAN MERVEILLES ',NULL,'698364487',NULL,'YAOUNDE II',NULL,NULL,'FEMININ','N0E7124I5IT1K9NVWP72','CAMEROUN'),(466,2,11,NULL,'AMBETO SAGE PATRICK',NULL,'2,4206E+11',NULL,'POINTE-NOIRE',NULL,NULL,'MASCULIN','1,1197E+11','CONGO'),(467,2,11,NULL,'AMOR ELISABETH YVANA',NULL,'693293280',NULL,'METET',NULL,NULL,'FEMININ','101265547','CAMEROUN'),(468,2,11,NULL,'ATSABOUSSA PAULE ANGELICA ',NULL,'653215659',NULL,'BRAZZAVILLE',NULL,NULL,'FEMININ','OA0406083','CONGO'),(469,2,11,NULL,'AWANI LANKISSA ELLA',NULL,'698746981',NULL,'GAROUA',NULL,NULL,'FEMININ','100001333','CAMEROUN'),(470,2,11,NULL,'AYINA BENG DURELLE ARMELLE',NULL,'677761374',NULL,'EFOK',NULL,NULL,'FEMININ',' ','CAMEROUN'),(471,2,11,NULL,'BADZOUE JOSTY RONECH',NULL,'657145677',NULL,'BRAZZAVILLE',NULL,NULL,'MASCULIN','OA0399318','CONGO'),(472,2,11,NULL,'BADZOUE MAÏGA CHESTINA',NULL,'690736217',NULL,'BRAZAVILLE',NULL,NULL,'FEMININ','OA0400725','CONGO'),(473,2,11,NULL,'BAKALA DIVIN JOSUE',NULL,'653326535',NULL,'BRAZZAVILLE',NULL,NULL,'MASCULIN','OA0399344','CONGO'),(474,2,11,NULL,'BANTSIMBA MERVEILLE ESTER',NULL,'671708671',NULL,'POINTE-NOIRE',NULL,NULL,'FEMININ','OA0402400','CONGO'),(475,2,11,NULL,'BENAZO LOTY ADELIA MARYMEDH ',NULL,'655052375',NULL,'BRAZZAVILLE',NULL,NULL,'FEMININ','OA03004101','CONGO'),(476,2,11,NULL,'BENDIE ATANGANA CHARLES',NULL,'655750178',NULL,'BIPINDI',NULL,NULL,'MASCULIN','838280','CAMEROUN'),(477,2,11,NULL,'BENE MENDOMO MARTIAL BORIS',NULL,'693 28 69 55',NULL,'EKOMBITE',NULL,NULL,'MASCULIN','SU0123DI5IT2TBBDPA8Y2','CAMEROUN'),(478,2,11,NULL,'BILACK DONGO ROSE MAEVA',NULL,'691274495',NULL,'YAOUNDE',NULL,NULL,'FEMININ','101127071','CAMEROUN'),(479,2,11,NULL,'BIYONG BWAME CHARLOTTE AUDREY',NULL,'693343035',NULL,'YAOUNDE',NULL,NULL,'FEMININ','101096674','CAMEROUN'),(480,2,11,NULL,'BOLEBANTOU EXAUCE MERCI RAMAH',NULL,'653214759',NULL,'KINKEMBO',NULL,NULL,'MASCULIN','OA0403138','CONGO'),(481,2,11,NULL,'BONGO ANDY DUFRENNE GHIDOVIE ',NULL,'656367860',NULL,'POINTE-NOIRE',NULL,NULL,'FEMININ','OA0403075','CONGO'),(482,2,11,NULL,'BOUANGA CHELDRIV',NULL,'654484970',NULL,'MOUINDI',NULL,NULL,'MASCULIN','OA0403007','CONGO'),(483,2,11,NULL,'BOUKEYI AUGUSTA EXAUCE',NULL,'654020713',NULL,'BILINGA',NULL,NULL,'MASCULIN','OA0403023','CONGO'),(484,2,11,NULL,'BOUYE BOUYE FRANKLIN LUDOVIC',NULL,'690310900',NULL,'ABONG-MBANG',NULL,NULL,'MASCULIN','101307605','CAMEROUN'),(485,2,11,NULL,'DIAFOUKA FREDSUN GLOIRE DE PRINCE RICHE',NULL,'653326612',NULL,'POINTE NOIRE',NULL,NULL,'MASCULIN','OA0398974','CONGO'),(486,2,11,NULL,'DURU FIDELE',NULL,'699471716',NULL,'NDENGUE EBOLOWA',NULL,NULL,'MASCULIN','100014859','CAMEROUN'),(487,2,11,NULL,'DZINGA RAYMONY JOFRIN',NULL,'654319998',NULL,'MADINGOU',NULL,NULL,'MASCULIN','OA0403143','CONGO'),(488,2,11,NULL,'DZIO RUTH DORCAS',NULL,'653341322',NULL,'DJAMBALA',NULL,NULL,'FEMININ','OA0403068','CONGO'),(489,2,11,NULL,'EBODE BINDZI EMMANUEL TITUS ',NULL,'656200810',NULL,'EMANA YAOUNDE 1',NULL,NULL,'MASCULIN','101195375','CAMEROUN'),(490,2,11,NULL,'EDIA ANGONI JOSIANE',NULL,'695353033',NULL,'NKOLEWODO',NULL,NULL,'FEMININ',' ','CAMEROUN'),(491,2,11,NULL,'EKO\'O ONDJA\'A RAISSA',NULL,'691054795',NULL,'YEM-YEMFEK',NULL,NULL,'FEMININ','100664068','CAMEROUN'),(492,2,11,NULL,'ELOALI NGWOYOU NDOWE CHEDRAC',NULL,'653197968',NULL,'NGO',NULL,NULL,'MASCULIN','OA0403016','CONGO'),(493,2,11,NULL,'ELOUNDOU TSANGA IVAN BENOIT',NULL,'656793601',NULL,'YAOUNDE',NULL,NULL,'MASCULIN','675408','CAMEROUN'),(494,2,11,NULL,'EMA BELLA EMMANUEL JOSUE ',NULL,'695274882',NULL,'MBAYENGUE 1',NULL,NULL,'MASCULIN','101059857','CAMEROUN'),(495,2,11,NULL,'EMATA NSOULI ALBAN PACOME',NULL,'657718542',NULL,'NDOKOU',NULL,NULL,'MASCULIN','100565821','CAMEROUN'),(496,2,11,NULL,'EPOUPA MVELLE VERONIQUE JANICE',NULL,'693677541',NULL,'HOPITAL CENTRAL DE YAOUNDE 2',NULL,NULL,'FEMININ','CE23149I5IV42SO6HPR3','CAMEROUN'),(497,2,11,NULL,'ESSO BERNICE TONIA',NULL,'695820953',NULL,'SANGMELIMA',NULL,NULL,'FEMININ',' ','CAMEROUN'),(498,2,11,NULL,'ESSONO ETIENNE JOEL',NULL,'691957479',NULL,'YAOUNDE',NULL,NULL,'MASCULIN','1161464353','CAMEROUN'),(499,2,11,NULL,'ETOKA-IBEAHO FRANCKLIN SYLVER',NULL,'693329239',NULL,'OWANDO',NULL,NULL,'MASCULIN','OA0403063','CONGO'),(500,2,11,NULL,'ETOUNDI CELESTIN',NULL,'691193398',NULL,'YAOUNDE',NULL,NULL,'MASCULIN','100724183','CAMEROUN'),(501,2,11,NULL,'EVINA FRANCKY',NULL,'699182376',NULL,'BENGBIS',NULL,NULL,'MASCULIN','100686349','CAMEROUN'),(502,2,11,NULL,'EWANGOYI HUGOR BECKER',NULL,'653216099',NULL,'OYO',NULL,NULL,'MASCULIN','OA0403437','CONGO'),(503,2,11,NULL,'FRED PARKER NDINDA MVEMBE ',NULL,'690151457',NULL,'BELABO',NULL,NULL,'MASCULIN','100826329','CAMEROUN'),(504,2,11,NULL,'GAYABA MALELAS TONY CHRIST JOCEL',NULL,'653217464',NULL,'POINTE-NOIRE',NULL,NULL,'MASCULIN','OA0402942','CONGO'),(505,2,11,NULL,'GOBE ANTOUK CHRIS ROCHEL',NULL,'693886602',NULL,'BERTOUA',NULL,NULL,'MASCULIN',' ','CAMEROUN'),(506,2,11,NULL,'GOMA NDOMBASSI SEVY JURES',NULL,'655923907',NULL,'LOUVAKOU',NULL,NULL,'MASCULIN','OA0402997','CONGO'),(507,2,11,NULL,'HUNDWIMPUNDU-UWUZUYINEMA MARIE CLAIRE',NULL,'2,4205E+11',NULL,'GAMBOMA',NULL,NULL,'FEMININ','BZ0413KMV6HA8','CONGO'),(508,2,11,NULL,'IBARA HARMONIE BLANCHE ',NULL,'653215697',NULL,'BRAZZAVILLE',NULL,NULL,'FEMININ','OA0402669','CONGO'),(509,2,11,NULL,'IGNOUMBA-NGOMA ROMEO CREPIN',NULL,'653328341',NULL,'DOLISIE',NULL,NULL,'MASCULIN','OA0403097','CONGO'),(510,2,11,NULL,'IKAMA METHODE MERLIN YOWAN',NULL,'653340848',NULL,'BRAZZAVILLE',NULL,NULL,'MASCULIN','OA0397063','CONGO'),(511,2,11,NULL,'INONGO NGADE CHRIS WILFRIED',NULL,'693647024',NULL,'MATERNITE DE KRIBI-VILLE',NULL,NULL,'MASCULIN','118344475','CAMEROUN'),(512,2,11,NULL,'ISSANGOU MARLAND NICEME',NULL,'678368399',NULL,'BRAZZAVILLE',NULL,NULL,'MASCULIN','OA0402657','CONGO'),(513,2,11,NULL,'KANDA XAVIER ANDERSON',NULL,'671150097',NULL,'POINTE-NOIRE',NULL,NULL,'MASCULIN','1,11197E+12','CONGO'),(514,2,11,NULL,'KAYA KIMBASSA BERTRAND MICHEL',NULL,'620001973',NULL,'DOLISIE',NULL,NULL,'MASCULIN','OA0402969','CONGO'),(515,2,11,NULL,'KETE MOUAGASSA LUCILE GRACE',NULL,'653639254',NULL,'BRAZZAVILLE',NULL,NULL,'FEMININ','OA0380931','CONGO'),(516,2,11,NULL,'KEYANTIO MANFOUO ULRICH LOIC',NULL,'696405916',NULL,'YAOUNDE',NULL,NULL,'MASCULIN','611619','CAMEROUN'),(517,2,11,NULL,'KIANGA MARDOCHE',NULL,'657631400',NULL,'POINTE-NOIRE',NULL,NULL,'MASCULIN','1,11197E+12','CONGO'),(518,2,11,NULL,'KIBILA GAELLE STEVIE ',NULL,'658657117',NULL,'BOKO-SONGHO',NULL,NULL,'FEMININ','OA0402664','CONGO'),(519,2,11,NULL,'KITEMO JOSS HARVEY',NULL,'653199977',NULL,'KOMONO',NULL,NULL,'MASCULIN','OA0403077','CONGO'),(520,2,11,NULL,'KIYALOULOU GAD CHRETIEN ',NULL,'671713314',NULL,'BRAZAVILLE',NULL,NULL,'MASCULIN','1,11197E+12','CONGO'),(521,2,11,NULL,'KOLOLO MAMBOUENITE VERMELONE MERCIA',NULL,'653344283',NULL,'BRAZZAVILLE',NULL,NULL,'FEMININ','OA0382662','CONGO'),(522,2,11,NULL,'KOLYANG DINA TAIWE',NULL,'698477132',NULL,'NGAOUNDERE',NULL,NULL,'MASCULIN','478199','CAMEROUN'),(523,2,11,NULL,'KPWANG KPWANG FRANCINE LEANDRINE',NULL,'691077215',NULL,'SANGMELIMA',NULL,NULL,'FEMININ','101221597','CAMEROUN'),(524,2,11,NULL,'LEKEAKA NJINKENG',NULL,'673167313',NULL,'LEWOH-FOTABONG',NULL,NULL,'MASCULIN','575611','CAMEROUN'),(525,2,11,NULL,'LOWEYA BOUITY VICTORIEN DAVICH',NULL,'693209678',NULL,'BRAZZAVILLE',NULL,NULL,'MASCULIN','OA0403064','CONGO'),(526,2,11,NULL,'MABIALA CELESTE-EMERA',NULL,'653215599',NULL,'POINTE-NOIRE',NULL,NULL,'FEMININ','OA0375708','CONGO'),(527,2,11,NULL,'MABIALA KIBITI WEN BONHEUR',NULL,'653779559',NULL,'POINTE-NOIRE',NULL,NULL,'MASCULIN','1,31101E+12','CONGO'),(528,2,11,NULL,'MABIALA-FILIPPI VICTOIRE IMMACULEE',NULL,'653618201',NULL,'POINTE-NOIRE',NULL,NULL,'FEMININ','OA0375707','CONGO'),(529,2,11,NULL,'MABIKA RICHEY GLENN FAREL ',NULL,'653631349',NULL,'BRAZZAVILLE',NULL,NULL,'MASCULIN','OA0372684','CONGO'),(530,2,11,NULL,'MADOLA EMMA CYRIELLE SULAMITH',NULL,'695531996',NULL,'KRIBI',NULL,NULL,'FEMININ','100096259','CAMEROUN'),(531,2,11,NULL,'MAKITA CHABREY TIPHERET ',NULL,'696993175',NULL,'NKAYI',NULL,NULL,'MASCULIN','OA0384301','CONGO'),(532,2,11,NULL,'MALONGA JULIA RUTH',NULL,'653343690',NULL,'BRAZZAVILLE',NULL,NULL,'FEMININ','OA0397288','CONGO'),(533,2,11,NULL,'MAMBO LARISSA FRU',NULL,'691774027',NULL,'BALI',NULL,NULL,'FEMININ','100202935','CAMEROUN'),(534,2,11,NULL,'MANGA MVONDO HUBERT JUNIOR ',NULL,'690107650',NULL,'YAOUNDE',NULL,NULL,'MASCULIN','SU0734615IT42S646RD2','CAMEROUN'),(535,2,11,NULL,'MARTIN ARNAULD ZEH NKOU BA NKOUMOU',NULL,'655836673',NULL,'YAOUNDE',NULL,NULL,'MASCULIN','101285399','CAMEROUN'),(536,2,11,NULL,'MBAMA NGAPORO NAOMI PATRICIA',NULL,'656294510',NULL,'BRAZZAVILLE',NULL,NULL,'FEMININ','OA0387787','CONGO'),(537,2,11,NULL,'MBEBI SOUMELONG ALAIN JUNIOR',NULL,'675821310',NULL,'MOUANGUEL',NULL,NULL,'MASCULIN','100578394','CAMEROUN'),(538,2,11,NULL,'MBEYO\'O NNA WILFRIED',NULL,'698462766',NULL,'DJOUM',NULL,NULL,'MASCULIN','100664531','CAMEROUN'),(539,2,11,NULL,'MBIA JACQUES FAUSTIN JUNIOR',NULL,'691289230',NULL,'HOPITAL ST LUC DE MBALMAYO',NULL,NULL,'MASCULIN','CE20206I5IT33V4IPLC1','CAMEROUN'),(540,2,11,NULL,'MBITSI MAYEMBO GEORGELIN BELCOME',NULL,'657238579',NULL,'KIMBONGA LOUAMBA',NULL,NULL,'MASCULIN','OA0405953','CONGO'),(541,2,11,NULL,'MBON IKITO ESTHER DAÏVA',NULL,'655971868',NULL,'YAOUNDE',NULL,NULL,'FEMININ','100903422','CAMEROUN'),(542,2,11,NULL,'MBOUROUBOUNA-NGOULOU VALDY',NULL,'693216017',NULL,'SIBITI',NULL,NULL,'MASCULIN','OA0385489','CONGO'),(543,2,11,NULL,'MENDO CHARLES AIME',NULL,'681306118',NULL,'EKALI 2',NULL,NULL,'MASCULIN',' ','CAMEROUN'),(544,2,11,NULL,'MICHEL ANYOUZO\'O ANYOUZO\'O',NULL,'696267332',NULL,'MATERNITE DE DJOUM',NULL,NULL,'MASCULIN','100523479','CAMEROUN'),(545,2,11,NULL,'MIHINDOU-MI MOUNDANGA DALLY GLOIRE BELMARD',NULL,'696230159',NULL,'POINTE-NOIRE',NULL,NULL,'MASCULIN','OA0403062','CONGO'),(546,2,11,NULL,'MINKOULOU ALPHONSE YANNICK',NULL,'690352930',NULL,'EKOUDENDI',NULL,NULL,'MASCULIN','101203647','CAMEROUN'),(547,2,11,NULL,'MINSA MI NGBWA WILFRED LIN',NULL,'655111749',NULL,'LA MATERNITE DE SANGMELIMA',NULL,NULL,'MASCULIN','117428059','CAMEROUN'),(548,2,11,NULL,'MINTYA MFOU\'OU INESSE ANDREA',NULL,'656390350',NULL,'NKOTENG',NULL,NULL,'FEMININ','101135787','CAMEROUN'),(549,2,11,NULL,'MINTYA OBIANG DEUMENY KEVY',NULL,'656311254',NULL,'AMBAM',NULL,NULL,'MASCULIN',' ','CAMEROUN'),(550,2,11,NULL,'MOKOUNGOU BENY FRANCK MASLOVE',NULL,'657484265',NULL,'MOSSAKA',NULL,NULL,'MASCULIN','OA0400845','CONGO'),(551,2,11,NULL,'MONG NGO\'O MARC-AURELE',NULL,'696501083',NULL,'ABONG-MBANG',NULL,NULL,'MASCULIN','101100310','CAMEROUN'),(552,2,11,NULL,'MOTO-EVINA ALINE CORINNE',NULL,'691770237',NULL,'MOLOUNDOU',NULL,NULL,'FEMININ','101170032','CAMEROUN'),(553,2,11,NULL,'MOUABO OYONO DANIELLE JACQUY',NULL,'690440020',NULL,'MFOULADJA',NULL,NULL,'FEMININ','101170030','CAMEROUN'),(554,2,11,NULL,'MOUANDA DIVIN GODFFROY',NULL,'696835525',NULL,'POINTE-NOIRE',NULL,NULL,'MASCULIN','OA0402656','CONGO'),(555,2,11,NULL,'MOUANDA MAVOUNGOU VALERE JIRESSE',NULL,'653619388',NULL,'DOLISIE',NULL,NULL,'MASCULIN','OA0304331','CONGO'),(556,2,11,NULL,'MOUDIO ASSIENE ULRICH MAXIME',NULL,'695552422',NULL,'NDOP',NULL,NULL,'MASCULIN','SU02148I5IWDGGPNJ6','CAMEROUN'),(557,2,11,NULL,'MOUILA IBALA CLIVER RABBI',NULL,'698386470',NULL,'DOLISIE',NULL,NULL,'MASCULIN','OA0403140','CONGO'),(558,2,11,NULL,'MOUKOKO MABELE GUY HERGA',NULL,'655844999',NULL,'BRAZZAVILLE',NULL,NULL,'MASCULIN','OA0243485','CONGO'),(559,2,11,NULL,'MOULOUNDA-BIZENGA THESSIA ',NULL,'653619350',NULL,'MAYAMA',NULL,NULL,'FEMININ','OA0391067','CONGO'),(560,2,11,NULL,'MOUNTAPMBEME ULRICH DARYL',NULL,'697330092',NULL,'YAOUNDE',NULL,NULL,'MASCULIN','100463945','CAMEROUN'),(561,2,11,NULL,'MOUNZIEHO MOMBO NICKEL DELVY',NULL,'693324797',NULL,'DOLISIE',NULL,NULL,'MASCULIN','OA0406084','CONGO'),(562,2,11,NULL,'MOUYELE MBOU OVERNA DORIAN ',NULL,'657468630',NULL,'KIMALOU II',NULL,NULL,'MASCULIN','OA0386469','CONGO'),(563,2,11,NULL,'MPAKA-LOMPOUNDA RELL-LAUREATE',NULL,'653344711',NULL,'BRAZZAVILLE',NULL,NULL,'FEMININ','OA0397536','CONGO'),(564,2,11,NULL,'MPASSI ZEPHY EXAUCE ',NULL,'653348460',NULL,'POINTE-NOIRE',NULL,NULL,'MASCULIN','OA0406884','CONGO'),(565,2,11,NULL,'MPELE NTSOKO JONESLYE PRIDELCIA',NULL,'696018350',NULL,'POINTE-NOIRE',NULL,NULL,'FEMININ','OA0401986','CONGO'),(566,2,11,NULL,'MPOLOGOSSO ODIVA IRENEE',NULL,'653210914',NULL,'BRAZZAVILLE',NULL,NULL,'FEMININ','OA0408896','CONGO'),(567,2,11,NULL,'MVOGO EYENE AUSTIN',NULL,'682502863',NULL,'BIKOKA',NULL,NULL,'MASCULIN','CE05151I5IVFC6B82XN4','CAMEROUN'),(568,2,11,NULL,'MVOMO EMANE HARRIS BERTRAND ',NULL,'696686462',NULL,'BENGBIS ',NULL,NULL,'MASCULIN','100371595','CAMEROUN'),(569,2,11,NULL,'MVOUAMA AMOUR NADREL',NULL,'697820179',NULL,'BRAZZAVILLE',NULL,NULL,'MASCULIN','OA0408249','CONGO'),(570,2,11,NULL,'NDENDAME JEAN IRENE',NULL,'656684142',NULL,'NKOLETOTO',NULL,NULL,'MASCULIN','623010','CAMEROUN'),(571,2,11,NULL,'NDOH MARYLIN BETUEL JULIA SHEILA',NULL,'653276093',NULL,'SANGMELIMA',NULL,NULL,'FEMININ','101314246','CAMEROUN'),(572,2,11,NULL,'NDONGO IV STEPHANE',NULL,'695950852',NULL,'YAOUNDE',NULL,NULL,'MASCULIN','624458','CAMEROUN'),(573,2,11,NULL,'NDOUDI BASSOUMBA PRINCY GRACE',NULL,'654078992',NULL,'POINTE-NOIRE',NULL,NULL,'MASCULIN','OA0403142','CONGO'),(574,2,11,NULL,'NDOUMBE BANEN  REBECCA VIGNONNE',NULL,'697241016',NULL,'YAOUNDE',NULL,NULL,'FEMININ','101216337','CAMEROUN'),(575,2,11,NULL,'NGALEKOUA MURIELLE ELVINA',NULL,'653327230',NULL,'BRAZZAVILLE',NULL,NULL,'FEMININ','OA0402218','CONGO'),(576,2,11,NULL,'NGALOUO-NDO DANIELLE SEPHORA',NULL,'653215288',NULL,'BRAZZAVILLE',NULL,NULL,'FEMININ','OA0402393','CONGO'),(577,2,11,NULL,'NGAMBAKA GAEL STEVEN OSTROD',NULL,'653359886',NULL,'BRAZZAVILLE',NULL,NULL,'MASCULIN','OA0403071','CONGO'),(578,2,11,NULL,'NGAMBAKA MPELE ARVEYE GEOLIVER',NULL,'658776892',NULL,'BRAZZAVILLE',NULL,NULL,'MASCULIN','OA0403066','CONGO'),(579,2,11,NULL,'NGAMI TACHINI VERDI ',NULL,'696817857',NULL,'BRAZZAVILLE',NULL,NULL,'MASCULIN','OA0401989','CONGO'),(580,2,11,NULL,'NGOLO GALEFOUROU NAHODY',NULL,'653217838',NULL,'BRAZZAVILLE',NULL,NULL,'FEMININ','OA0399343','CONGO'),(581,2,11,NULL,'NGOMBE ONDZE GEDEON',NULL,'653199127',NULL,'BRAZZAVILLE',NULL,NULL,'MASCULIN','OA0352166','CONGO'),(582,2,11,NULL,'NGONO BELIBI MARIE LAURENCE',NULL,'673812598',NULL,'EKOUDENDI',NULL,NULL,'FEMININ','CE12280I5IT33UYX6Z11','CAMEROUN'),(583,2,11,NULL,'NGONO KADA RACHELLE',NULL,'695904643',NULL,'MBALMAYO',NULL,NULL,'FEMININ','101300239','CAMEROUN'),(584,2,11,NULL,'NGOUABE VIRTAVE-RUDES',NULL,'654421854',NULL,'EDIKANGOUE',NULL,NULL,'MASCULIN','OA0385257','CONGO'),(585,2,11,NULL,'NGUIAMBA BEMIYILI HELENE ROLANDE',NULL,'691083805',NULL,'EBOME-KRIBI ',NULL,NULL,'FEMININ','CE09329I5ISSWSPQH686','CAMEROUN'),(586,2,11,NULL,'NJOKE JACQUES SAMUEL LOIC',NULL,'658415440',NULL,'YAOUNDE',NULL,NULL,'MASCULIN','100639607','CAMEROUN'),(587,2,11,NULL,'NKAYA MABOUNOU BELDY FRANCELIA',NULL,'653218552',NULL,'DOLISIE',NULL,NULL,'FEMININ','OA0402663','CONGO'),(588,2,11,NULL,'NKOUKA-OKOURY REGIS CHARLEMAGNE',NULL,'654325958',NULL,'POINTE-NOIRE',NULL,NULL,'MASCULIN','OA0406164','CONGO'),(589,2,11,NULL,'NKOUMOU GERMAINE LA FLEURETTE',NULL,'698579102',NULL,'NDEN',NULL,NULL,'FEMININ','513738','CAMEROUN'),(590,2,11,NULL,'NLATE AWOUNDI YVAN RYAN',NULL,'696151323',NULL,'YAOUNDE 5',NULL,NULL,'MASCULIN','CE02011I5IWNNHZHZAU6','CAMEROUN'),(591,2,11,NULL,'NNA MEKINA ANAIS KARELLE',NULL,'698575061',NULL,'EKOWONG',NULL,NULL,'FEMININ','34923','CAMEROUN'),(592,2,11,NULL,'NOA JENNIFER MANUELA',NULL,'695954675',NULL,'YAOUNDE II',NULL,NULL,'FEMININ','197093','CAMEROUN'),(593,2,11,NULL,'NOUTAT NYATCHOU RICK MAVELON',NULL,'695586944',NULL,'DOUALA',NULL,NULL,'MASCULIN','101024379','CAMEROUN'),(594,2,11,NULL,'NSA\'A MBALLA GUSTAVE MIGUEL ',NULL,'690513544',NULL,'EBOLOWA',NULL,NULL,'MASCULIN','100274104','CAMEROUN'),(595,2,11,NULL,'NTOGUE AUGUSTA RICHONA NATHANAELLE',NULL,'697303422',NULL,'YAOUNDE II',NULL,NULL,'FEMININ','100704546','CAMEROUN'),(596,2,11,NULL,'NTOLANY NZOUMBA GLADE JULSCA',NULL,'698188422',NULL,'KIMBONGA LOUAMBA',NULL,NULL,'FEMININ','OA0403005','CONGO'),(597,2,11,NULL,'NTSAH ZOBO VICKY MANUELA',NULL,'694960045',NULL,'DOUALA',NULL,NULL,'FEMININ','101086691','CAMEROUN'),(598,2,11,NULL,'OBIEGNI BISSEMOU SAMUEL DUPONT ',NULL,'695971854',NULL,'DOUALA',NULL,NULL,'MASCULIN','CE54154I5ISWL4I3X1Y1','CAMEROUN'),(599,2,11,NULL,'OBINIAMA OEN JEVIS NEWMAN',NULL,'64563466',NULL,'BRAZZAVILLE',NULL,NULL,'MASCULIN','OA0402655','CONGO'),(600,2,11,NULL,'OKANA YVES RAMICESSE',NULL,'656553558',NULL,'BRAZZAVILLE',NULL,NULL,'MASCULIN','OA0403054','CONGO'),(601,2,11,NULL,'OKEMBA PRINCE HARDY PICHET',NULL,'653215791',NULL,'BRAZZAVILLE',NULL,NULL,'MASCULIN','OA0408290','CONGO'),(602,2,11,NULL,'OKPWAE MBA RIDJE',NULL,'699163569',NULL,'OKONG',NULL,NULL,'MASCULIN','116976173','CAMEROUN'),(603,2,11,NULL,'ONDONGO BENI MOISE',NULL,'650113398',NULL,'BRAZZAVILLE',NULL,NULL,'MASCULIN','OA0380914','CONGO'),(604,2,11,NULL,'ONDZE NGOUELENGA MICHELLE BELLE GUPHENE',NULL,'690334655',NULL,'BRAZZAVILLE',NULL,NULL,'FEMININ','OA0402667','CONGO'),(605,2,11,NULL,'OSSE MBOZO\'O JEAN-PIERRE JUNIOR ',NULL,'694635226',NULL,'NDJANTOM ',NULL,NULL,'MASCULIN','CE2105815IT2U86MWPJ0','CAMEROUN'),(606,2,11,NULL,'OTSALI NKOA BERNADETTE ELIANNE',NULL,'655272294',NULL,'YAOUNDE',NULL,NULL,'FEMININ','101219554','CAMEROUN'),(607,2,11,NULL,'OYANE MVOMO JOSUE MICHEL',NULL,'698135907',NULL,'DJOUM',NULL,NULL,'MASCULIN','228976','CAMEROUN'),(608,2,11,NULL,'PAKA BIYO PRINCE JADI ',NULL,'695437613',NULL,'MPIKA SONGHO 2',NULL,NULL,'MASCULIN','OA0399676','CONGO'),(609,2,11,NULL,'PASSI GLORIA JEREMIE',NULL,'653217967',NULL,'BRAZZAVILLE',NULL,NULL,'FEMININ','OA0402658','CONGO'),(610,2,11,NULL,'POMOT MAMPOMO STEAVES JORDAN',NULL,'693091685',NULL,'SOMALOMO',NULL,NULL,'MASCULIN','434335','CAMEROUN'),(611,2,11,NULL,'SALOMON WILLIAM MINTYENE BAMA',NULL,'656209215',NULL,'TCHANGUE',NULL,NULL,'MASCULIN','517087','CAMEROUN'),(612,2,11,NULL,'SAMBA MIKEMBI SEPHORA LAURNA MARYSE',NULL,'653341357',NULL,'BRAZZAVILLE',NULL,NULL,'FEMININ','OA0401987','CONGO'),(613,2,11,NULL,'SAMBA TIMOTHEE GLOIRE VERLEY DIEUVEIL',NULL,'656466668',NULL,'BRAZZAVILLE',NULL,NULL,'MASCULIN','OA04031453','CONGO'),(614,2,11,NULL,'SASSA ITOUA NERCIA ROFEL',NULL,'693707574',NULL,'POINTE-NOIRE',NULL,NULL,'MASCULIN','OA362352','CONGO'),(615,2,11,NULL,'SIMO BLONDELLE',NULL,'696781771',NULL,'EBOLOWA',NULL,NULL,'FEMININ','100629817','CAMEROUN'),(616,2,11,NULL,'TALOM KAMGA HAROLD ARTHUR',NULL,'655586299',NULL,'YAOUNDE',NULL,NULL,'MASCULIN','100853744','CAMEROUN'),(617,2,11,NULL,'TCHOFFO TALACFO HAROLD EMMANUEL',NULL,'652915532',NULL,'YAOUNDE',NULL,NULL,'MASCULIN','100101654','CAMEROUN'),(618,2,11,NULL,'TCHUENKOM TAGNE ELISÉE JETHRO',NULL,'690814731',NULL,'YAOUNDE',NULL,NULL,'MASCULIN','118410399','CAMEROUN'),(619,2,11,NULL,'TERIMINA BADIKA BLAISE PASTORE',NULL,'698190272',NULL,'MOUTELA',NULL,NULL,'MASCULIN','OA0402020','CONGO'),(620,2,11,NULL,'TIKI EBELLE CIDOINE ENEE',NULL,'695744108',NULL,'YAOUNDE',NULL,NULL,'MASCULIN','100326846','CAMEROUN'),(621,2,11,NULL,'TODOU FELIX',NULL,'693931724',NULL,'NGONG',NULL,NULL,'MASCULIN','664094','CAMEROUN'),(622,2,11,NULL,'TSATY IVERNEL DIEUVEILLE',NULL,'694957722',NULL,'POINTE-NOIRE',NULL,NULL,'MASCULIN','OA0386835','CONGO'),(623,2,11,NULL,'TSOUMOU MOUKASSA JOHN O\'BRIEN DE PAUL',NULL,'650112729',NULL,'POINTE-NOIRE',NULL,NULL,'MASCULIN','OA0402011','CONGO'),(624,2,11,NULL,'WENDA BENDERA ORNELLA MARTHE',NULL,'695503521',NULL,'YAOUNDE',NULL,NULL,'FEMININ','100570156','CAMEROUN'),(625,2,11,NULL,'YOUNGUILA EDNA RAMELLIANE ',NULL,'653343442',NULL,'POINTE-NOIRE',NULL,NULL,'FEMININ','OA040895','CONGO'),(626,2,11,NULL,'ZEH MVELE PIERRE-PAUL',NULL,'695612281',NULL,'YAOUNDE',NULL,NULL,'MASCULIN','118367428','CAMEROUN'),(627,2,11,NULL,'ZO\'ONDE MBATA GEOVANY',NULL,'690636993',NULL,'NKOLBANG',NULL,NULL,'MASCULIN','101182508','CAMEROUN'),(628,1,11,NULL,'ABOLO OLAMA DAVID',NULL,'690632650',NULL,'YAOUNDE',NULL,NULL,'MASCULIN','CE1223IT30N899A13','CAMEROUN'),(629,1,11,NULL,'AMBOGUE MARMY IMELDA',NULL,'696825961',NULL,'YAOUNDE',NULL,NULL,'FEMININ','101190591','CAMEROUN'),(630,1,11,NULL,'AVOMO ELIE LUDOVIC',NULL,'656875752',NULL,'YAOUNDE',NULL,NULL,'MASCULIN','545564','CAMEROUN'),(631,1,11,NULL,'AVOTTO CHARLES GULLIT',NULL,'659065045',NULL,'NYE ELE',NULL,NULL,'MASCULIN','101353532','CAMEROUN'),(632,1,11,NULL,'AYE\'E MARTIN EMMANUEL',NULL,'691051577',NULL,'YAOUNDÉ',NULL,NULL,'MASCULIN','114964964','CAMEROUN'),(633,1,11,NULL,'BALEPOUA KIBA ISSIE',NULL,'653215347',NULL,'ABALA',NULL,NULL,'MASCULIN','OA010403055','CONGO'),(634,1,11,NULL,'BELINGA ANNE CYRIELLE CYNTIA',NULL,'693788177',NULL,'NGOULEMAKONG',NULL,NULL,'FEMININ','117254023','CAMEROUN'),(635,1,11,NULL,'BIANG MARTHE SERMENDE',NULL,'656981955',NULL,'MATERNITE DE KAELE',NULL,NULL,'FEMININ','117515228','CAMEROUN'),(636,1,11,NULL,'BIANG SAMUEL YVAN',NULL,'655565680',NULL,'MATERNITE DE KAELE',NULL,NULL,'MASCULIN','117117708','CAMEROUN'),(637,1,11,NULL,'BOUNGOU MABELE MOISE',NULL,'657008483',NULL,'POINTE - NOIRE',NULL,NULL,'MASCULIN','OA0403144','CONGO'),(638,1,11,NULL,'EFA JOSEPHINE TENDRESSE',NULL,'658793599',NULL,'YAOUNDE',NULL,NULL,'FEMININ','100565423','CAMEROUN'),(639,1,11,NULL,'EKOA AMOUGOU JOSEPH DAVY',NULL,'698906791',NULL,'NYEP-BANE',NULL,NULL,'MASCULIN','SUD01232I5IWC6T61L6H6','CAMEROUN'),(640,1,11,NULL,'ENGBWANG BEKALE HENRI FRED',NULL,'655104162',NULL,'DJOUM',NULL,NULL,'MASCULIN','790642','CAMEROUN'),(641,1,11,NULL,'ESSONO BOBY STYVE',NULL,'657326234',NULL,'SANGMELIMA',NULL,NULL,'MASCULIN','CE3107I5IT321BKV745','CAMEROUN'),(642,1,11,NULL,'FOUMANE FOUMANE MARIETTA LORENA',NULL,'697644335',NULL,'YAOUNDE',NULL,NULL,'FEMININ','100240084','CAMEROUN'),(643,1,11,NULL,'GAIMATAKON FERDINAND',NULL,'690275172',NULL,'GAROUA',NULL,NULL,'MASCULIN','101295845','CAMEROUN'),(644,1,11,NULL,'GARBA IDI SIMON JUNIOR ',NULL,'691235529',NULL,'BAFIA',NULL,NULL,'MASCULIN','100891310','CAMEROUN'),(645,1,11,NULL,'JANIS LESLIE ONDOUA ABENG II',NULL,'656828349',NULL,'YAOUNDE 5',NULL,NULL,'FEMININ','100198813','CAMEROUN'),(646,1,11,NULL,'KOLOKO JANE ALEXIA',NULL,'696105363',NULL,'DOUALA',NULL,NULL,'FEMININ','100130662','CAMEROUN'),(647,1,11,NULL,'LOUFOUMA OHOLANGA NDEYA VICTOIRE',NULL,'653215386',NULL,'BRAZZAVILLE',NULL,NULL,'MASCULIN','OA0413292','CONGO'),(648,1,11,NULL,'LOUKOKOBI EXAUCEE BELGINA LOUISLENE',NULL,'653215379',NULL,'BRAZZAVILLE',NULL,NULL,'FEMININ','OA0403084','CONGO'),(649,1,11,NULL,'MAFOULA MOLOU MARIE FAUSTINE ',NULL,'653619184',NULL,'BRAZZAVILLE',NULL,NULL,'FEMININ','OA0405418','CONGO'),(650,1,11,NULL,'MANKONO DJANG MELISSA',NULL,'695568009',NULL,'NDJIBOT',NULL,NULL,'FEMININ','101117461','CAMEROUN'),(651,1,11,NULL,'MASSANGA KASTANE JEAN DENIS',NULL,'653216314',NULL,'POINTE-NOIRE',NULL,NULL,'MASCULIN','OA0403061','CONGO'),(652,1,11,NULL,'MASSONG ANOCK PRADELLE',NULL,'658118883',NULL,'BAFIA',NULL,NULL,'FEMININ',' ','CAMEROUN'),(653,1,11,NULL,'MBANG MBAH JOSEPH RODRIGUE',NULL,'671602585',NULL,'NKONDJOCK',NULL,NULL,'MASCULIN','101269271','CAMEROUN'),(654,1,11,NULL,'MEKA MEKA JOSIANE VANESSA',NULL,'658 669 808',NULL,'BENGBIS',NULL,NULL,'FEMININ','SU02397I5IT2TR9SVAA3','CAMEROUN'),(655,1,11,NULL,'MENDOGO ONGBWA MICHELLE GAELLE',NULL,'657911465',NULL,'MATERNITE DE NDEN',NULL,NULL,'FEMININ','SU05126I5IT1OVRB8351','CAMEROUN'),(656,1,11,NULL,'MENDOMO NKOULOU FRANCK',NULL,'698687704',NULL,'AKOOLOUI',NULL,NULL,'MASCULIN','117348094','CAMEROUN'),(657,1,11,NULL,'MENOGA NGOLO PIERRETTE',NULL,'695133562',NULL,'YAOUNDE',NULL,NULL,'FEMININ','11881366','CAMEROUN'),(658,1,11,NULL,'MESSANGA YOUNESS',NULL,'659048082',NULL,'SANGMELIMA',NULL,NULL,'MASCULIN','101208377','CAMEROUN'),(659,1,11,NULL,'MILANDOU OLIVIER NATHANAEL CHRIST VIT',NULL,'653217651',NULL,'LINZOLO',NULL,NULL,'MASCULIN','OA0329092','CONGO'),(660,1,11,NULL,'MOUKELA ANGE VELICK',NULL,'653214026',NULL,'BRAZZAVILLE',NULL,NULL,'MASCULIN',' ','CONGO'),(661,1,11,NULL,'NAKAVOUA MOUANGA GLADE RICHELA',NULL,'654021497',NULL,'POINTE-NOIRE',NULL,NULL,'FEMININ','1421000000000000','CONGO'),(662,1,11,NULL,'NEZA TCHOFOR VIANIE MANUELA',NULL,'693849809',NULL,'MBOUDA',NULL,NULL,'FEMININ','407343','CAMEROUN'),(663,1,11,NULL,'NGALLE NGOH ANNETTE GERTRUDE LA PATIENCE',NULL,'694997568',NULL,'L\'HOPITAL DE DISTRICT DE NGOUMOU',NULL,NULL,'FEMININ',' ','CAMEROUN'),(664,1,11,NULL,'NGAMESSI NKO\'O WILLY KEVIN NINO',NULL,'690474921',NULL,'YAOUNDE',NULL,NULL,'MASCULIN',' ','CAMEROUN'),(665,1,11,NULL,'NGUIE DANN ARCADIUS',NULL,'695972089',NULL,'BRAZZAVILLE',NULL,NULL,'MASCULIN','OA0402659','CONGO'),(666,1,11,NULL,'NKOA BODO VINCENT EMMANUEL',NULL,'675273624',NULL,'YAOUNDE',NULL,NULL,'MASCULIN','SU02143I5IWMLOAZ6L75','CAMEROUN'),(667,1,11,NULL,'NTSONDE MASSENGO JUSTE BIENVENU',NULL,'654341172',NULL,'BRAZZAVILLE',NULL,NULL,'MASCULIN','OA0359705','CONGO'),(668,1,11,NULL,'OBAMBI EMILE',NULL,'658310104',NULL,'OYO',NULL,NULL,'MASCULIN','OA0397527','CONGO'),(669,1,11,NULL,'OBINDZA NGALA JEANSINA DORCAS',NULL,'655692610',NULL,'BRAZZAVILLE',NULL,NULL,'FEMININ','OA0254174','CONGO'),(670,1,11,NULL,'YAO AMENA SINDY GABRIELLA',NULL,'655322397',NULL,'YAOUNDE',NULL,NULL,'FEMININ','CE14135I5IT1NA90YF4','CAMEROUN'),(671,1,11,NULL,'ZIBI EBENGUE FERNAND',NULL,'695086136',NULL,'ENONGAL',NULL,NULL,'MASCULIN','801243','CAMEROUN'),(672,1,11,NULL,'ZOMO NNANGA MAX PRIVAT',NULL,'697834753',NULL,'ZOULABOT',NULL,NULL,'MASCULIN','CE12280I5IT1FPQGWN5','CAMEROUN'),(673,126,353,NULL,NULL,NULL,NULL,NULL,NULL,NULL,NULL,NULL,NULL,NULL),(674,127,354,NULL,NULL,NULL,NULL,NULL,NULL,NULL,NULL,NULL,NULL,NULL),(675,128,355,NULL,NULL,NULL,NULL,NULL,NULL,NULL,NULL,NULL,NULL,NULL),(676,129,356,NULL,NULL,NULL,NULL,NULL,NULL,NULL,NULL,NULL,NULL,NULL),(677,130,357,NULL,NULL,NULL,NULL,NULL,NULL,NULL,NULL,NULL,NULL,NULL),(678,131,358,NULL,NULL,NULL,NULL,NULL,NULL,NULL,NULL,NULL,NULL,NULL),(679,132,359,NULL,NULL,NULL,NULL,NULL,NULL,NULL,NULL,NULL,NULL,NULL),(680,133,360,NULL,NULL,NULL,NULL,NULL,NULL,NULL,NULL,NULL,NULL,NULL),(681,134,361,NULL,NULL,NULL,NULL,NULL,NULL,NULL,NULL,NULL,NULL,NULL),(682,135,362,NULL,NULL,NULL,NULL,NULL,NULL,NULL,NULL,NULL,NULL,NULL),(683,136,363,NULL,NULL,NULL,NULL,NULL,NULL,NULL,NULL,NULL,NULL,NULL),(684,137,364,NULL,NULL,NULL,NULL,NULL,NULL,NULL,NULL,NULL,NULL,NULL),(685,138,365,NULL,NULL,NULL,NULL,NULL,NULL,NULL,NULL,NULL,NULL,NULL),(686,139,366,NULL,NULL,NULL,NULL,NULL,NULL,NULL,NULL,NULL,NULL,NULL),(687,140,367,NULL,NULL,NULL,NULL,NULL,NULL,NULL,NULL,NULL,NULL,NULL),(688,141,368,NULL,NULL,NULL,NULL,NULL,NULL,NULL,NULL,NULL,NULL,NULL),(689,142,369,NULL,NULL,NULL,NULL,NULL,NULL,NULL,NULL,NULL,NULL,NULL),(690,143,370,NULL,NULL,NULL,NULL,NULL,NULL,NULL,NULL,NULL,NULL,NULL),(691,144,371,NULL,NULL,NULL,NULL,NULL,NULL,NULL,NULL,NULL,NULL,NULL),(692,145,372,NULL,NULL,NULL,NULL,NULL,NULL,NULL,NULL,NULL,NULL,NULL),(693,146,373,NULL,NULL,NULL,NULL,NULL,NULL,NULL,NULL,NULL,NULL,NULL),(694,147,374,NULL,NULL,NULL,NULL,NULL,NULL,NULL,NULL,NULL,NULL,NULL),(695,148,375,NULL,NULL,NULL,NULL,NULL,NULL,NULL,NULL,NULL,NULL,NULL),(696,149,376,NULL,NULL,NULL,NULL,NULL,NULL,NULL,NULL,NULL,NULL,NULL);
/*!40000 ALTER TABLE `student` ENABLE KEYS */;
UNLOCK TABLES;

--
-- Table structure for table `take_ue`
--

DROP TABLE IF EXISTS `take_ue`;
/*!40101 SET @saved_cs_client     = @@character_set_client */;
/*!50503 SET character_set_client = utf8mb4 */;
CREATE TABLE `take_ue` (
  `id` int NOT NULL AUTO_INCREMENT,
  `student_id` int DEFAULT NULL,
  `grade` varchar(50) COLLATE utf8mb4_unicode_ci DEFAULT NULL,
  `semester` int DEFAULT NULL,
  `ue` varchar(255) COLLATE utf8mb4_unicode_ci DEFAULT NULL,
  PRIMARY KEY (`id`),
  KEY `IDX_AC89C73DCB944F1A` (`student_id`),
  CONSTRAINT `FK_AC89C73DCB944F1A` FOREIGN KEY (`student_id`) REFERENCES `student` (`id`)
) ENGINE=InnoDB DEFAULT CHARSET=utf8mb4 COLLATE=utf8mb4_unicode_ci;
/*!40101 SET character_set_client = @saved_cs_client */;

--
-- Dumping data for table `take_ue`
--

LOCK TABLES `take_ue` WRITE;
/*!40000 ALTER TABLE `take_ue` DISABLE KEYS */;
/*!40000 ALTER TABLE `take_ue` ENABLE KEYS */;
UNLOCK TABLES;

--
-- Table structure for table `teacher`
--

DROP TABLE IF EXISTS `teacher`;
/*!40101 SET @saved_cs_client     = @@character_set_client */;
/*!50503 SET character_set_client = utf8mb4 */;
CREATE TABLE `teacher` (
  `id` int NOT NULL AUTO_INCREMENT,
  `created_by_id` int DEFAULT NULL,
  `name` varchar(255) COLLATE utf8mb4_unicode_ci DEFAULT NULL,
  `cni` varchar(255) COLLATE utf8mb4_unicode_ci DEFAULT NULL,
  `phone_number` varchar(255) COLLATE utf8mb4_unicode_ci DEFAULT NULL,
  `email` varchar(255) COLLATE utf8mb4_unicode_ci DEFAULT NULL,
  `created_at` datetime DEFAULT NULL,
  PRIMARY KEY (`id`),
  UNIQUE KEY `UNIQ_B0F6A6D5B03A8386` (`created_by_id`),
  CONSTRAINT `FK_B0F6A6D5B03A8386` FOREIGN KEY (`created_by_id`) REFERENCES `user` (`id`)
) ENGINE=InnoDB AUTO_INCREMENT=10 DEFAULT CHARSET=utf8mb4 COLLATE=utf8mb4_unicode_ci;
/*!40101 SET character_set_client = @saved_cs_client */;

--
-- Dumping data for table `teacher`
--

LOCK TABLES `teacher` WRITE;
/*!40000 ALTER TABLE `teacher` DISABLE KEYS */;
INSERT INTO `teacher` VALUES (9,26,'felicien davy emane','100258963','676469014','fouda@gmail.com','2024-07-23 11:37:45');
/*!40000 ALTER TABLE `teacher` ENABLE KEYS */;
UNLOCK TABLES;

--
-- Table structure for table `ue`
--

DROP TABLE IF EXISTS `ue`;
/*!40101 SET @saved_cs_client     = @@character_set_client */;
/*!50503 SET character_set_client = utf8mb4 */;
CREATE TABLE `ue` (
  `id` int NOT NULL AUTO_INCREMENT,
  `level_id` int DEFAULT NULL,
  `code_ue` varchar(255) COLLATE utf8mb4_unicode_ci DEFAULT NULL,
  `name` varchar(255) COLLATE utf8mb4_unicode_ci DEFAULT NULL,
  `credit` int DEFAULT NULL,
  `description` longtext COLLATE utf8mb4_unicode_ci,
  `semester` varchar(255) COLLATE utf8mb4_unicode_ci DEFAULT NULL,
  `grade` double DEFAULT NULL,
  `academic_year` varchar(255) COLLATE utf8mb4_unicode_ci DEFAULT NULL,
  PRIMARY KEY (`id`),
  KEY `IDX_2E490A9B5FB14BA7` (`level_id`),
  CONSTRAINT `FK_2E490A9B5FB14BA7` FOREIGN KEY (`level_id`) REFERENCES `level` (`id`) ON DELETE SET NULL
) ENGINE=InnoDB AUTO_INCREMENT=13 DEFAULT CHARSET=utf8mb4 COLLATE=utf8mb4_unicode_ci;
/*!40101 SET character_set_client = @saved_cs_client */;

--
-- Dumping data for table `ue`
--

LOCK TABLES `ue` WRITE;
/*!40000 ALTER TABLE `ue` DISABLE KEYS */;
INSERT INTO `ue` VALUES (1,7,'SNA412','Systèmes Numériques Avancées I',5,'Réseaux et Systèmes Multimédias I','1',NULL,NULL),(2,7,'M124','Systèmes Numériques Avancées II',6,'Outils de Management de la Qualité','1',NULL,NULL),(7,11,'m124','Projets éducatifs des étudiants',8,'Architecture des applications et Optimisation des Bases de Données','1',NULL,NULL),(12,7,'SNA41111','Systèmes Numériques Avancées I',6,'Architecture des applications et Optimisation des Bases de Données','8',NULL,NULL);
/*!40000 ALTER TABLE `ue` ENABLE KEYS */;
UNLOCK TABLES;

--
-- Table structure for table `ue_field`
--

DROP TABLE IF EXISTS `ue_field`;
/*!40101 SET @saved_cs_client     = @@character_set_client */;
/*!50503 SET character_set_client = utf8mb4 */;
CREATE TABLE `ue_field` (
  `ue_id` int NOT NULL,
  `field_id` int NOT NULL,
  PRIMARY KEY (`ue_id`,`field_id`),
  KEY `IDX_38132BB862E883B1` (`ue_id`),
  KEY `IDX_38132BB8443707B0` (`field_id`),
  CONSTRAINT `FK_38132BB8443707B0` FOREIGN KEY (`field_id`) REFERENCES `field` (`id`) ON DELETE CASCADE,
  CONSTRAINT `FK_38132BB862E883B1` FOREIGN KEY (`ue_id`) REFERENCES `ue` (`id`) ON DELETE CASCADE
) ENGINE=InnoDB DEFAULT CHARSET=utf8mb4 COLLATE=utf8mb4_unicode_ci;
/*!40101 SET character_set_client = @saved_cs_client */;

--
-- Dumping data for table `ue_field`
--

LOCK TABLES `ue_field` WRITE;
/*!40000 ALTER TABLE `ue_field` DISABLE KEYS */;
INSERT INTO `ue_field` VALUES (1,2),(2,2),(7,1),(12,2);
/*!40000 ALTER TABLE `ue_field` ENABLE KEYS */;
UNLOCK TABLES;

--
-- Table structure for table `user`
--

DROP TABLE IF EXISTS `user`;
/*!40101 SET @saved_cs_client     = @@character_set_client */;
/*!50503 SET character_set_client = utf8mb4 */;
CREATE TABLE `user` (
  `id` int NOT NULL AUTO_INCREMENT,
  `student_id` int DEFAULT NULL,
  `respfield_id` int DEFAULT NULL,
  `respschool_id` int DEFAULT NULL,
  `resplevel_id` int DEFAULT NULL,
  `respue_id` int DEFAULT NULL,
  `teacher_id` int DEFAULT NULL,
  `username` varchar(180) COLLATE utf8mb4_unicode_ci NOT NULL,
  `roles` json NOT NULL,
  `password` varchar(255) COLLATE utf8mb4_unicode_ci NOT NULL,
  `email` varchar(255) COLLATE utf8mb4_unicode_ci DEFAULT NULL,
  `profile_picture` varchar(255) COLLATE utf8mb4_unicode_ci DEFAULT NULL,
  PRIMARY KEY (`id`),
  UNIQUE KEY `UNIQ_IDENTIFIER_USERNAME` (`username`),
  UNIQUE KEY `UNIQ_8D93D649CB944F1A` (`student_id`),
  UNIQUE KEY `UNIQ_8D93D6495EEFC6E9` (`respfield_id`),
  UNIQUE KEY `UNIQ_8D93D649D187767F` (`respschool_id`),
  UNIQUE KEY `UNIQ_8D93D64945698AFE` (`resplevel_id`),
  UNIQUE KEY `UNIQ_8D93D649D23FE2F9` (`respue_id`),
  UNIQUE KEY `UNIQ_8D93D64941807E1D` (`teacher_id`),
  CONSTRAINT `FK_8D93D64941807E1D` FOREIGN KEY (`teacher_id`) REFERENCES `teacher` (`id`),
  CONSTRAINT `FK_8D93D64945698AFE` FOREIGN KEY (`resplevel_id`) REFERENCES `resp_level` (`id`),
  CONSTRAINT `FK_8D93D6495EEFC6E9` FOREIGN KEY (`respfield_id`) REFERENCES `resp_field` (`id`),
  CONSTRAINT `FK_8D93D649CB944F1A` FOREIGN KEY (`student_id`) REFERENCES `student` (`id`),
  CONSTRAINT `FK_8D93D649D187767F` FOREIGN KEY (`respschool_id`) REFERENCES `resp_school` (`id`),
  CONSTRAINT `FK_8D93D649D23FE2F9` FOREIGN KEY (`respue_id`) REFERENCES `resp_ue` (`id`)
) ENGINE=InnoDB AUTO_INCREMENT=31 DEFAULT CHARSET=utf8mb4 COLLATE=utf8mb4_unicode_ci;
/*!40101 SET character_set_client = @saved_cs_client */;

--
-- Dumping data for table `user`
--

LOCK TABLES `user` WRITE;
/*!40000 ALTER TABLE `user` DISABLE KEYS */;
INSERT INTO `user` VALUES (2,NULL,NULL,NULL,NULL,NULL,NULL,'Mavaïwa','[\"ROLE_ADMIN\"]','$2y$13$J5q.OreU06FllJw69afR7.66tXrqvivtbvT3x1Cy0.sh.z2/rkVqC','davyemane2@gmail.com',NULL),(3,NULL,NULL,3,NULL,NULL,NULL,'emane','[\"ROLE_ADMIN\"]','$2y$13$NAncgkaeYrbSm3l0WVCGzuSTWsWBpefOnoaK7AbKkNqjipNR.OW/O','davyemane2@gmail.com',NULL),(4,NULL,NULL,NULL,NULL,NULL,NULL,'superAdmin237','[\"ROLE_SUPER_ADMIN\"]','$2y$13$t2UfYCY8NEDpBRZgvg9kquzCiu051GYf6kZYO5SG4EcCjQmQdMs2.','davyemane2@gmail.com','LogoLM-6694fc4e5cdc5.png'),(7,NULL,3,NULL,NULL,NULL,NULL,'amougou','[\"ROLE_RESPFIELD\"]','$2y$13$6uCqfSVWj030Wln.qDxEeeEK0y7fQoRlNsSvo8mBBxzfYoIT7T8RW','amougou@gmail.com','google1-669649e8ad5d9.png'),(8,NULL,NULL,NULL,1,NULL,NULL,'Eloundou','[\"ROLE_RESPLEVEL\"]','$2y$13$O9COjI2Bjpovam6PFk.U6OHlyYgnAVWg7VjGthNZ8uogkBaV8PLpu','mendo@gmail.com','2-6696680a1ae86.jpg'),(10,NULL,NULL,NULL,2,NULL,NULL,'desire','[\"ROLE_RESPLEVEL\"]','$2y$13$0KXHKXzmm4Pw/m9CeYVbX.84t5q1larIYvFQubQqjoPjG0jWIR7vG','desire@gmail.com','7454d6ad22384ffa839548d7c7fb8238-669695a85b66f.jpg'),(11,NULL,NULL,NULL,NULL,NULL,NULL,'amougou2','[\"ROLE_RESPLEVEL\"]','$2y$13$hiM4svXtYohh6RgNzQ5ouOT1dnWUAeECgdLH6Qycbccv54Gp2QNyC','amougou@gmail.com','apiRest-669695cace858.png'),(12,NULL,NULL,NULL,4,NULL,NULL,'tapiba','[\"ROLE_RESPLEVEL\"]','$2y$13$Oi90gINw8e7AwGCA6JKZCOR2bnuLx6K2i6RbZtDFqrt4Lyi8O5FZ2','tapiba@gmail.com','3-669bd601d08f4.jpg'),(21,NULL,NULL,NULL,6,NULL,NULL,'bile1','[\"ROLE_RESPLEVEL\"]','$2y$13$pLScbpJs77sWQ8alOXiMp.TRKp5I57iSRO6UiepcDLSkvZFBgwMHG','tapiba@gmail.com','apiRest-669e52c0bdb9d.png'),(23,NULL,6,NULL,NULL,NULL,NULL,'bile','[\"ROLE_RESPFIELD\"]','$2y$13$U39Nq8jB6VCX8whBdMz17.GfD3l2NpvM.2zNyh4t7RNjcXovRaa02','tapiba@gmail.com','Audience-669e70cceef96.png'),(24,NULL,7,NULL,NULL,NULL,NULL,'davy','[\"ROLE_RESPFIELD\"]','$2y$13$kpw/8IYfoIGks3aRTebW8uy2W/lOxb.yNnT9a/p1CDB53PUg026DG','zanga@gmail.com','Audience-669e70f09755b.png'),(26,NULL,NULL,NULL,NULL,9,NULL,'zanga','[\"ROLE_RESPUE\"]','$2y$13$Y48r4FW1r7g8yj6EzWvCkeTIOZNfSLJsMaH.C7I2gGKcSnSTlkCJS','zanga@gmail.com',NULL),(30,NULL,NULL,NULL,NULL,NULL,9,'felicien','[\"ROLE_TEACHER\"]','$2y$13$QZ01ojPIv2xUKVa8xeONE.3PWSyQCGIJkB0CiaKwximlAk7.L9i8O','fouda@gmail.com','380047086-1379603389435986-2948504245511140514-n-669f96096e41a.jpg');
/*!40000 ALTER TABLE `user` ENABLE KEYS */;
UNLOCK TABLES;
/*!40103 SET TIME_ZONE=@OLD_TIME_ZONE */;

/*!40101 SET SQL_MODE=@OLD_SQL_MODE */;
/*!40014 SET FOREIGN_KEY_CHECKS=@OLD_FOREIGN_KEY_CHECKS */;
/*!40014 SET UNIQUE_CHECKS=@OLD_UNIQUE_CHECKS */;
/*!40101 SET CHARACTER_SET_CLIENT=@OLD_CHARACTER_SET_CLIENT */;
/*!40101 SET CHARACTER_SET_RESULTS=@OLD_CHARACTER_SET_RESULTS */;
/*!40101 SET COLLATION_CONNECTION=@OLD_COLLATION_CONNECTION */;
/*!40111 SET SQL_NOTES=@OLD_SQL_NOTES */;

-- Dump completed on 2024-07-24  9:38:59
